,℃,GJ,GJ
時刻,気温,1系統冷水熱量,2系統冷水熱量
2022/6/18 0:00,23.800 ,0.000 ,0.000 
2022/6/18 1:00,23.800 ,0.000 ,0.000 
2022/6/18 2:00,24.100 ,0.000 ,0.000 
2022/6/18 3:00,24.100 ,0.000 ,0.000 
2022/6/18 4:00,23.900 ,0.000 ,0.000 
2022/6/18 5:00,23.500 ,0.000 ,0.000 
2022/6/18 6:00,23.900 ,0.000 ,0.000 
2022/6/18 7:00,24.900 ,0.000 ,0.000 
2022/6/18 8:00,25.300 ,0.000 ,0.000 
2022/6/18 9:00,27.000 ,0.019 ,0.050 
2022/6/18 10:00,27.900 ,0.000 ,0.047 
2022/6/18 11:00,29.100 ,0.001 ,0.063 
2022/6/18 12:00,28.600 ,0.000 ,0.068 
2022/6/18 13:00,29.400 ,0.000 ,0.038 
2022/6/18 14:00,30.000 ,0.006 ,0.067 
2022/6/18 15:00,29.200 ,0.000 ,0.064 
2022/6/18 16:00,28.800 ,0.007 ,0.064 
2022/6/18 17:00,26.900 ,0.000 ,0.091 
2022/6/18 18:00,27.000 ,0.000 ,0.011 
2022/6/18 19:00,26.100 ,0.000 ,0.000 
2022/6/18 20:00,25.800 ,0.000 ,0.000 
2022/6/18 21:00,25.500 ,0.000 ,0.000 
2022/6/18 22:00,25.000 ,0.000 ,0.000 
2022/6/18 23:00,24.900 ,0.000 ,0.000 
2022/6/19 0:00,25.100 ,0.000 ,0.000 
2022/6/19 1:00,25.000 ,0.000 ,0.000 
2022/6/19 2:00,24.700 ,0.000 ,0.000 
2022/6/19 3:00,24.600 ,0.000 ,0.000 
2022/6/19 4:00,23.900 ,0.000 ,0.000 
2022/6/19 5:00,23.900 ,0.000 ,0.000 
2022/6/19 6:00,24.100 ,0.000 ,0.000 
2022/6/19 7:00,25.000 ,0.000 ,0.000 
2022/6/19 8:00,26.100 ,0.007 ,0.006 
2022/6/19 9:00,27.100 ,0.015 ,0.000 
2022/6/19 10:00,28.900 ,0.000 ,0.000 
2022/6/19 11:00,29.400 ,0.000 ,0.000 
2022/6/19 12:00,30.000 ,0.000 ,0.000 
2022/6/19 13:00,28.900 ,0.000 ,0.000 
2022/6/19 14:00,27.700 ,0.000 ,0.000 
2022/6/19 15:00,27.100 ,0.000 ,0.000 
2022/6/19 16:00,27.500 ,0.000 ,0.000 
2022/6/19 17:00,26.000 ,0.000 ,0.000 
2022/6/19 18:00,25.800 ,0.000 ,0.000 
2022/6/19 19:00,25.500 ,0.000 ,0.000 
2022/6/19 20:00,24.900 ,0.000 ,0.000 
2022/6/19 21:00,24.800 ,0.000 ,0.000 
2022/6/19 22:00,24.800 ,0.000 ,0.000 
2022/6/19 23:00,25.500 ,0.000 ,0.000 
2022/6/20 0:00,24.900 ,0.000 ,0.000 
2022/6/20 1:00,24.800 ,0.000 ,0.000 
2022/6/20 2:00,24.600 ,0.000 ,0.000 
2022/6/20 3:00,24.400 ,0.000 ,0.000 
2022/6/20 4:00,24.200 ,0.000 ,0.000 
2022/6/20 5:00,24.300 ,0.000 ,0.000 
2022/6/20 6:00,24.500 ,0.000 ,0.000 
2022/6/20 7:00,24.700 ,0.000 ,0.000 
2022/6/20 8:00,25.200 ,0.072 ,0.000 
2022/6/20 9:00,26.200 ,0.356 ,0.180 
2022/6/20 10:00,26.800 ,0.338 ,0.208 
2022/6/20 11:00,26.900 ,0.336 ,0.213 
2022/6/20 12:00,28.000 ,0.338 ,0.189 
2022/6/20 13:00,27.600 ,0.375 ,0.208 
2022/6/20 14:00,26.900 ,0.363 ,0.227 
2022/6/20 15:00,26.500 ,0.287 ,0.213 
2022/6/20 16:00,26.600 ,0.130 ,0.130 
2022/6/20 17:00,26.400 ,0.096 ,0.202 
2022/6/20 18:00,26.400 ,0.037 ,0.155 
2022/6/20 19:00,25.500 ,0.026 ,0.149 
2022/6/20 20:00,25.800 ,0.003 ,0.060 
2022/6/20 21:00,26.000 ,0.000 ,0.000 
2022/6/20 22:00,25.800 ,0.000 ,0.000 
2022/6/20 23:00,25.700 ,0.000 ,0.000 
2022/6/21 0:00,25.800 ,0.000 ,0.000 
2022/6/21 1:00,24.600 ,0.000 ,0.000 
2022/6/21 2:00,23.900 ,0.000 ,0.000 
2022/6/21 3:00,23.500 ,0.000 ,0.000 
2022/6/21 4:00,23.500 ,0.000 ,0.000 
2022/6/21 5:00,23.100 ,0.000 ,0.000 
2022/6/21 6:00,22.800 ,0.000 ,0.000 
2022/6/21 7:00,22.800 ,0.000 ,0.000 
2022/6/21 8:00,23.300 ,0.016 ,0.000 
2022/6/21 9:00,24.500 ,0.383 ,0.175 
2022/6/21 10:00,25.400 ,0.403 ,0.224 
2022/6/21 11:00,28.000 ,0.385 ,0.213 
2022/6/21 12:00,27.100 ,0.374 ,0.220 
2022/6/21 13:00,28.700 ,0.380 ,0.218 
2022/6/21 14:00,28.800 ,0.360 ,0.217 
2022/6/21 15:00,25.900 ,0.363 ,0.219 
2022/6/21 16:00,25.200 ,0.215 ,0.248 
2022/6/21 17:00,24.800 ,0.051 ,0.163 
2022/6/21 18:00,24.600 ,0.044 ,0.174 
2022/6/21 19:00,24.800 ,0.029 ,0.166 
2022/6/21 20:00,24.700 ,0.011 ,0.049 
2022/6/21 21:00,25.100 ,0.000 ,0.000 
2022/6/21 22:00,25.100 ,0.000 ,0.000 
2022/6/21 23:00,24.700 ,0.000 ,0.000 
2022/6/22 0:00,24.500 ,0.000 ,0.000 
2022/6/22 1:00,24.700 ,0.000 ,0.000 
2022/6/22 2:00,24.700 ,0.000 ,0.000 
2022/6/22 3:00,24.600 ,0.000 ,0.000 
2022/6/22 4:00,23.700 ,0.000 ,0.000 
2022/6/22 5:00,24.000 ,0.000 ,0.000 
2022/6/22 6:00,23.800 ,0.000 ,0.000 
2022/6/22 7:00,24.300 ,0.000 ,0.000 
2022/6/22 8:00,25.400 ,0.123 ,0.002 
2022/6/22 9:00,25.900 ,0.344 ,0.161 
2022/6/22 10:00,26.400 ,0.358 ,0.191 
2022/6/22 11:00,26.400 ,0.370 ,0.189 
2022/6/22 12:00,27.100 ,0.340 ,0.197 
2022/6/22 13:00,26.900 ,0.408 ,0.206 
2022/6/22 14:00,28.900 ,0.412 ,0.216 
2022/6/22 15:00,26.700 ,0.396 ,0.220 
2022/6/22 16:00,26.600 ,0.371 ,0.217 
2022/6/22 17:00,26.900 ,0.112 ,0.140 
2022/6/22 18:00,27.600 ,0.043 ,0.144 
2022/6/22 19:00,27.500 ,0.029 ,0.122 
2022/6/22 20:00,26.700 ,0.000 ,0.042 
2022/6/22 21:00,26.700 ,0.000 ,0.000 
2022/6/22 22:00,26.400 ,0.000 ,0.000 
2022/6/22 23:00,26.400 ,0.000 ,0.000 
2022/6/23 0:00,26.600 ,0.000 ,0.000 
2022/6/23 1:00,27.500 ,0.000 ,0.000 
2022/6/23 2:00,27.100 ,0.000 ,0.000 
2022/6/23 3:00,27.300 ,0.000 ,0.000 
2022/6/23 4:00,26.600 ,0.000 ,0.000 
2022/6/23 5:00,27.200 ,0.000 ,0.000 
2022/6/23 6:00,28.200 ,0.000 ,0.000 
2022/6/23 7:00,28.400 ,0.000 ,0.000 
2022/6/23 8:00,29.100 ,0.107 ,0.001 
2022/6/23 9:00,29.500 ,0.382 ,0.152 
2022/6/23 10:00,30.600 ,0.367 ,0.203 
2022/6/23 11:00,31.200 ,0.382 ,0.207 
2022/6/23 12:00,31.700 ,0.388 ,0.207 
2022/6/23 13:00,32.300 ,0.406 ,0.202 
2022/6/23 14:00,31.700 ,0.391 ,0.197 
2022/6/23 15:00,32.100 ,0.377 ,0.200 
2022/6/23 16:00,31.600 ,0.286 ,0.209 
2022/6/23 17:00,31.600 ,0.094 ,0.190 
2022/6/23 18:00,30.500 ,0.048 ,0.152 
2022/6/23 19:00,30.000 ,0.026 ,0.154 
2022/6/23 20:00,29.700 ,0.009 ,0.061 
2022/6/23 21:00,29.800 ,0.000 ,0.000 
2022/6/23 22:00,29.500 ,0.000 ,0.000 
2022/6/23 23:00,29.400 ,0.000 ,0.000 
2022/6/24 0:00,29.300 ,0.000 ,0.000 
2022/6/24 1:00,29.300 ,0.000 ,0.000 
2022/6/24 2:00,29.200 ,0.000 ,0.000 
2022/6/24 3:00,29.200 ,0.000 ,0.000 
2022/6/24 4:00,29.300 ,0.000 ,0.000 
2022/6/24 5:00,29.200 ,0.000 ,0.000 
2022/6/24 6:00,29.200 ,0.000 ,0.000 
2022/6/24 7:00,29.100 ,0.000 ,0.000 
2022/6/24 8:00,29.200 ,0.124 ,0.002 
2022/6/24 9:00,29.600 ,0.351 ,0.137 
2022/6/24 10:00,30.100 ,0.376 ,0.217 
2022/6/24 11:00,31.500 ,0.400 ,0.220 
2022/6/24 12:00,30.800 ,0.399 ,0.214 
2022/6/24 13:00,31.900 ,0.424 ,0.213 
2022/6/24 14:00,30.000 ,0.412 ,0.237 
2022/6/24 15:00,29.100 ,0.409 ,0.252 
2022/6/24 16:00,29.400 ,0.375 ,0.245 
2022/6/24 17:00,29.200 ,0.267 ,0.228 
2022/6/24 18:00,28.300 ,0.220 ,0.184 
2022/6/24 19:00,28.600 ,0.193 ,0.165 
2022/6/24 20:00,28.000 ,0.091 ,0.051 
2022/6/24 21:00,27.300 ,0.000 ,0.000 
2022/6/24 22:00,27.800 ,0.000 ,0.000 
2022/6/24 23:00,27.300 ,0.000 ,0.000 
2022/6/25 0:00,27.200 ,0.000 ,0.000 
2022/6/25 1:00,27.300 ,0.000 ,0.000 
2022/6/25 2:00,27.300 ,0.000 ,0.000 
2022/6/25 3:00,27.300 ,0.000 ,0.000 
2022/6/25 4:00,27.600 ,0.000 ,0.000 
2022/6/25 5:00,27.700 ,0.000 ,0.000 
2022/6/25 6:00,27.200 ,0.000 ,0.000 
2022/6/25 7:00,27.600 ,0.000 ,0.000 
2022/6/25 8:00,27.000 ,0.000 ,0.000 
2022/6/25 9:00,27.400 ,0.029 ,0.127 
2022/6/25 10:00,22.700 ,0.011 ,0.162 
2022/6/25 11:00,24.400 ,0.024 ,0.109 
2022/6/25 12:00,23.400 ,0.013 ,0.099 
2022/6/25 13:00,24.500 ,0.000 ,0.100 
2022/6/25 14:00,24.500 ,0.000 ,0.104 
2022/6/25 15:00,24.700 ,0.000 ,0.100 
2022/6/25 16:00,23.900 ,0.000 ,0.073 
2022/6/25 17:00,24.200 ,0.000 ,0.028 
2022/6/25 18:00,24.500 ,0.000 ,0.033 
2022/6/25 19:00,24.000 ,0.000 ,0.000 
2022/6/25 20:00,25.500 ,0.000 ,0.000 
2022/6/25 21:00,25.800 ,0.000 ,0.000 
2022/6/25 22:00,25.700 ,0.000 ,0.000 
2022/6/25 23:00,25.100 ,0.000 ,0.000 
2022/6/26 0:00,24.300 ,0.000 ,0.000 
2022/6/26 1:00,24.500 ,0.000 ,0.000 
2022/6/26 2:00,23.800 ,0.000 ,0.000 
2022/6/26 3:00,24.300 ,0.000 ,0.000 
2022/6/26 4:00,24.800 ,0.000 ,0.000 
2022/6/26 5:00,24.700 ,0.000 ,0.000 
2022/6/26 6:00,25.500 ,0.000 ,0.000 
2022/6/26 7:00,25.300 ,0.000 ,0.000 
2022/6/26 8:00,26.900 ,0.000 ,0.000 
2022/6/26 9:00,28.900 ,0.000 ,0.000 
2022/6/26 10:00,29.400 ,0.000 ,0.000 
2022/6/26 11:00,30.000 ,0.000 ,0.000 
2022/6/26 12:00,30.400 ,0.000 ,0.000 
2022/6/26 13:00,30.900 ,0.000 ,0.000 
2022/6/26 14:00,32.000 ,0.000 ,0.000 
2022/6/26 15:00,31.600 ,0.000 ,0.000 
2022/6/26 16:00,32.300 ,0.000 ,0.000 
2022/6/26 17:00,31.800 ,0.000 ,0.000 
2022/6/26 18:00,29.800 ,0.000 ,0.000 
2022/6/26 19:00,29.900 ,0.000 ,0.000 
2022/6/26 20:00,28.900 ,0.000 ,0.000 
2022/6/26 21:00,29.300 ,0.000 ,0.000 
2022/6/26 22:00,28.500 ,0.000 ,0.000 
2022/6/26 23:00,28.300 ,0.000 ,0.000 
2022/6/27 0:00,28.100 ,0.000 ,0.000 
2022/6/27 1:00,27.900 ,0.000 ,0.000 
2022/6/27 2:00,27.500 ,0.000 ,0.000 
2022/6/27 3:00,28.000 ,0.000 ,0.000 
2022/6/27 4:00,27.900 ,0.000 ,0.000 
2022/6/27 5:00,27.400 ,0.000 ,0.000 
2022/6/27 6:00,27.600 ,0.000 ,0.000 
2022/6/27 7:00,28.100 ,0.010 ,0.000 
2022/6/27 8:00,29.100 ,0.342 ,0.004 
2022/6/27 9:00,29.300 ,0.224 ,0.127 
2022/6/27 10:00,30.000 ,0.372 ,0.263 
2022/6/27 11:00,30.800 ,0.379 ,0.270 
2022/6/27 12:00,32.500 ,0.396 ,0.265 
2022/6/27 13:00,32.600 ,0.424 ,0.266 
2022/6/27 14:00,32.700 ,0.405 ,0.261 
2022/6/27 15:00,33.000 ,0.401 ,0.266 
2022/6/27 16:00,33.200 ,0.254 ,0.272 
2022/6/27 17:00,32.800 ,0.100 ,0.282 
2022/6/27 18:00,32.300 ,0.070 ,0.270 
2022/6/27 19:00,31.600 ,0.039 ,0.266 
2022/6/27 20:00,30.400 ,0.012 ,0.126 
2022/6/27 21:00,30.000 ,0.000 ,0.000 
2022/6/27 22:00,29.500 ,0.000 ,0.000 
2022/6/27 23:00,29.100 ,0.000 ,0.000 
2022/6/28 0:00,29.500 ,0.000 ,0.000 
2022/6/28 1:00,28.800 ,0.000 ,0.000 
2022/6/28 2:00,29.300 ,0.000 ,0.000 
2022/6/28 3:00,28.900 ,0.000 ,0.000 
2022/6/28 4:00,28.500 ,0.000 ,0.000 
2022/6/28 5:00,28.600 ,0.000 ,0.000 
2022/6/28 6:00,28.500 ,0.000 ,0.000 
2022/6/28 7:00,28.500 ,0.000 ,0.000 
2022/6/28 8:00,29.300 ,0.399 ,0.000 
2022/6/28 9:00,30.400 ,0.422 ,0.178 
2022/6/28 10:00,31.400 ,0.406 ,0.260 
2022/6/28 11:00,32.100 ,0.393 ,0.238 
2022/6/28 12:00,32.300 ,0.404 ,0.237 
2022/6/28 13:00,32.800 ,0.418 ,0.226 
2022/6/28 14:00,33.400 ,0.394 ,0.228 
2022/6/28 15:00,33.300 ,0.385 ,0.232 
2022/6/28 16:00,32.900 ,0.369 ,0.239 
2022/6/28 17:00,32.700 ,0.178 ,0.271 
2022/6/28 18:00,31.700 ,0.073 ,0.258 
2022/6/28 19:00,30.500 ,0.037 ,0.236 
2022/6/28 20:00,29.800 ,0.019 ,0.075 
2022/6/28 21:00,29.400 ,0.000 ,0.000 
2022/6/28 22:00,29.200 ,0.000 ,0.000 
2022/6/28 23:00,29.200 ,0.000 ,0.000 
2022/6/29 0:00,29.200 ,0.000 ,0.000 
2022/6/29 1:00,28.600 ,0.000 ,0.000 
2022/6/29 2:00,28.700 ,0.000 ,0.000 
2022/6/29 3:00,28.600 ,0.000 ,0.000 
2022/6/29 4:00,28.300 ,0.000 ,0.000 
2022/6/29 5:00,27.800 ,0.000 ,0.000 
2022/6/29 6:00,27.900 ,0.000 ,0.000 
2022/6/29 7:00,28.500 ,0.020 ,0.000 
2022/6/29 8:00,29.100 ,0.476 ,0.000 
2022/6/29 9:00,30.400 ,0.399 ,0.174 
2022/6/29 10:00,31.600 ,0.378 ,0.237 
2022/6/29 11:00,32.400 ,0.383 ,0.230 
2022/6/29 12:00,33.100 ,0.384 ,0.222 
2022/6/29 13:00,33.400 ,0.403 ,0.221 
2022/6/29 14:00,34.100 ,0.389 ,0.227 
2022/6/29 15:00,33.900 ,0.383 ,0.231 
2022/6/29 16:00,33.400 ,0.389 ,0.230 
2022/6/29 17:00,33.500 ,0.144 ,0.258 
2022/6/29 18:00,32.600 ,0.070 ,0.248 
2022/6/29 19:00,31.800 ,0.052 ,0.199 
2022/6/29 20:00,30.900 ,0.012 ,0.067 
2022/6/29 21:00,30.300 ,0.000 ,0.000 
2022/6/29 22:00,29.700 ,0.000 ,0.000 
2022/6/29 23:00,29.700 ,0.000 ,0.000 
2022/6/30 0:00,28.800 ,0.000 ,0.000 
2022/6/30 1:00,28.700 ,0.000 ,0.000 
2022/6/30 2:00,28.500 ,0.000 ,0.000 
2022/6/30 3:00,28.200 ,0.000 ,0.000 
2022/6/30 4:00,27.500 ,0.000 ,0.000 
2022/6/30 5:00,27.900 ,0.000 ,0.000 
2022/6/30 6:00,27.200 ,0.000 ,0.000 
2022/6/30 7:00,28.200 ,0.074 ,0.003 
2022/6/30 8:00,29.100 ,0.361 ,0.008 
2022/6/30 9:00,30.400 ,0.277 ,0.181 
2022/6/30 10:00,32.400 ,0.389 ,0.233 
2022/6/30 11:00,33.100 ,0.402 ,0.227 
2022/6/30 12:00,33.700 ,0.381 ,0.232 
2022/6/30 13:00,34.600 ,0.410 ,0.247 
2022/6/30 14:00,33.900 ,0.392 ,0.255 
2022/6/30 15:00,31.700 ,0.400 ,0.262 
2022/6/30 16:00,31.200 ,0.388 ,0.269 
2022/6/30 17:00,30.700 ,0.373 ,0.287 
2022/6/30 18:00,29.800 ,0.123 ,0.301 
2022/6/30 19:00,29.500 ,0.043 ,0.250 
2022/6/30 20:00,28.900 ,0.014 ,0.117 
2022/6/30 21:00,28.500 ,0.000 ,0.001 
2022/6/30 22:00,28.800 ,0.000 ,0.000 
2022/6/30 23:00,28.200 ,0.000 ,0.000 
2022/7/1 0:00,28.000 ,0.000 ,0.000 
2022/7/1 1:00,27.800 ,0.000 ,0.000 
2022/7/1 2:00,27.500 ,0.000 ,0.000 
2022/7/1 3:00,26.700 ,0.000 ,0.000 
2022/7/1 4:00,26.600 ,0.000 ,0.000 
2022/7/1 5:00,26.800 ,0.000 ,0.000 
2022/7/1 6:00,27.200 ,0.000 ,0.000 
2022/7/1 7:00,27.900 ,0.096 ,0.000 
2022/7/1 8:00,29.200 ,0.480 ,0.000 
2022/7/1 9:00,31.100 ,0.419 ,0.178 
2022/7/1 10:00,31.500 ,0.425 ,0.277 
2022/7/1 11:00,32.200 ,0.422 ,0.252 
2022/7/1 12:00,32.900 ,0.411 ,0.235 
2022/7/1 13:00,33.000 ,0.426 ,0.228 
2022/7/1 14:00,32.200 ,0.419 ,0.244 
2022/7/1 15:00,32.700 ,0.408 ,0.261 
2022/7/1 16:00,31.200 ,0.384 ,0.273 
2022/7/1 17:00,31.000 ,0.166 ,0.302 
2022/7/1 18:00,29.700 ,0.082 ,0.287 
2022/7/1 19:00,28.700 ,0.054 ,0.249 
2022/7/1 20:00,28.000 ,0.014 ,0.113 
2022/7/1 21:00,27.400 ,0.000 ,0.000 
2022/7/1 22:00,27.200 ,0.000 ,0.000 
2022/7/1 23:00,27.400 ,0.000 ,0.000 
2022/7/2 0:00,27.400 ,0.000 ,0.000 
2022/7/2 1:00,27.000 ,0.000 ,0.000 
2022/7/2 2:00,26.700 ,0.000 ,0.000 
2022/7/2 3:00,26.900 ,0.000 ,0.000 
2022/7/2 4:00,26.600 ,0.000 ,0.000 
2022/7/2 5:00,26.300 ,0.000 ,0.000 
2022/7/2 6:00,26.600 ,0.000 ,0.000 
2022/7/2 7:00,27.600 ,0.000 ,0.000 
2022/7/2 8:00,29.200 ,0.003 ,0.000 
2022/7/2 9:00,30.800 ,0.067 ,0.079 
2022/7/2 10:00,33.000 ,0.048 ,0.159 
2022/7/2 11:00,34.100 ,0.031 ,0.119 
2022/7/2 12:00,35.000 ,0.045 ,0.137 
2022/7/2 13:00,34.100 ,0.029 ,0.091 
2022/7/2 14:00,34.200 ,0.050 ,0.131 
2022/7/2 15:00,34.700 ,0.028 ,0.115 
2022/7/2 16:00,34.400 ,0.042 ,0.149 
2022/7/2 17:00,33.300 ,0.048 ,0.137 
2022/7/2 18:00,32.200 ,0.015 ,0.041 
2022/7/2 19:00,30.600 ,0.000 ,0.000 
2022/7/2 20:00,30.000 ,0.000 ,0.000 
2022/7/2 21:00,29.800 ,0.000 ,0.000 
2022/7/2 22:00,30.400 ,0.000 ,0.000 
2022/7/2 23:00,29.700 ,0.000 ,0.000 
2022/7/3 0:00,29.300 ,0.000 ,0.000 
2022/7/3 1:00,29.300 ,0.000 ,0.000 
2022/7/3 2:00,28.700 ,0.000 ,0.000 
2022/7/3 3:00,28.500 ,0.000 ,0.000 
2022/7/3 4:00,28.600 ,0.000 ,0.000 
2022/7/3 5:00,28.400 ,0.000 ,0.000 
2022/7/3 6:00,28.100 ,0.000 ,0.000 
2022/7/3 7:00,28.600 ,0.000 ,0.000 
2022/7/3 8:00,29.000 ,0.058 ,0.011 
2022/7/3 9:00,30.300 ,0.041 ,0.003 
2022/7/3 10:00,31.100 ,0.039 ,0.000 
2022/7/3 11:00,32.600 ,0.033 ,0.000 
2022/7/3 12:00,32.800 ,0.034 ,0.000 
2022/7/3 13:00,33.100 ,0.033 ,0.000 
2022/7/3 14:00,34.000 ,0.034 ,0.000 
2022/7/3 15:00,33.100 ,0.033 ,0.000 
2022/7/3 16:00,32.600 ,0.033 ,0.000 
2022/7/3 17:00,32.500 ,0.034 ,0.000 
2022/7/3 18:00,31.800 ,0.003 ,0.000 
2022/7/3 19:00,30.400 ,0.000 ,0.000 
2022/7/3 20:00,31.100 ,0.000 ,0.000 
2022/7/3 21:00,30.800 ,0.000 ,0.000 
2022/7/3 22:00,30.300 ,0.000 ,0.000 
2022/7/3 23:00,30.100 ,0.000 ,0.000 
2022/7/4 0:00,29.700 ,0.000 ,0.000 
2022/7/4 1:00,29.400 ,0.000 ,0.000 
2022/7/4 2:00,28.700 ,0.000 ,0.000 
2022/7/4 3:00,25.900 ,0.000 ,0.000 
2022/7/4 4:00,26.700 ,0.000 ,0.000 
2022/7/4 5:00,26.800 ,0.000 ,0.000 
2022/7/4 6:00,27.300 ,0.000 ,0.000 
2022/7/4 7:00,27.900 ,0.145 ,0.010 
2022/7/4 8:00,29.100 ,0.479 ,0.003 
2022/7/4 9:00,29.000 ,0.408 ,0.168 
2022/7/4 10:00,29.100 ,0.388 ,0.229 
2022/7/4 11:00,30.200 ,0.418 ,0.233 
2022/7/4 12:00,30.900 ,0.414 ,0.242 
2022/7/4 13:00,31.100 ,0.443 ,0.238 
2022/7/4 14:00,30.000 ,0.412 ,0.235 
2022/7/4 15:00,31.400 ,0.399 ,0.243 
2022/7/4 16:00,31.000 ,0.210 ,0.242 
2022/7/4 17:00,25.900 ,0.124 ,0.258 
2022/7/4 18:00,27.500 ,0.081 ,0.265 
2022/7/4 19:00,28.600 ,0.065 ,0.211 
2022/7/4 20:00,25.800 ,0.017 ,0.092 
2022/7/4 21:00,25.500 ,0.000 ,0.000 
2022/7/4 22:00,26.100 ,0.000 ,0.000 
2022/7/4 23:00,26.300 ,0.000 ,0.000 
2022/7/5 0:00,26.300 ,0.000 ,0.000 
2022/7/5 1:00,26.500 ,0.000 ,0.000 
2022/7/5 2:00,26.400 ,0.000 ,0.000 
2022/7/5 3:00,26.400 ,0.000 ,0.000 
2022/7/5 4:00,26.300 ,0.000 ,0.000 
2022/7/5 5:00,26.400 ,0.000 ,0.000 
2022/7/5 6:00,26.200 ,0.000 ,0.000 
2022/7/5 7:00,26.000 ,0.000 ,0.000 
2022/7/5 8:00,26.500 ,0.000 ,0.000 
2022/7/5 9:00,27.400 ,0.000 ,0.000 
2022/7/5 10:00,28.100 ,0.000 ,0.000 
2022/7/5 11:00,28.200 ,0.000 ,0.000 
2022/7/5 12:00,28.800 ,0.000 ,0.000 
2022/7/5 13:00,28.500 ,0.000 ,0.000 
2022/7/5 14:00,27.900 ,0.000 ,0.000 
2022/7/5 15:00,27.600 ,0.000 ,0.000 
2022/7/5 16:00,27.700 ,0.000 ,0.000 
2022/7/5 17:00,28.200 ,0.000 ,0.000 
2022/7/5 18:00,28.000 ,0.000 ,0.000 
2022/7/5 19:00,27.600 ,0.000 ,0.000 
2022/7/5 20:00,27.700 ,0.000 ,0.000 
2022/7/5 21:00,27.600 ,0.000 ,0.000 
2022/7/5 22:00,27.700 ,0.000 ,0.000 
2022/7/5 23:00,27.600 ,0.000 ,0.000 
2022/7/6 0:00,27.100 ,0.000 ,0.000 
2022/7/6 1:00,27.200 ,0.000 ,0.000 
2022/7/6 2:00,27.100 ,0.000 ,0.000 
2022/7/6 3:00,26.900 ,0.000 ,0.000 
2022/7/6 4:00,26.800 ,0.000 ,0.000 
2022/7/6 5:00,26.600 ,0.000 ,0.000 
2022/7/6 6:00,26.400 ,0.000 ,0.000 
2022/7/6 7:00,26.700 ,0.141 ,0.000 
2022/7/6 8:00,27.700 ,0.531 ,0.000 
2022/7/6 9:00,27.400 ,0.434 ,0.185 
2022/7/6 10:00,27.400 ,0.391 ,0.207 
2022/7/6 11:00,28.500 ,0.398 ,0.187 
2022/7/6 12:00,29.100 ,0.384 ,0.182 
2022/7/6 13:00,29.700 ,0.427 ,0.189 
2022/7/6 14:00,31.200 ,0.409 ,0.228 
2022/7/6 15:00,29.900 ,0.407 ,0.247 
2022/7/6 16:00,30.600 ,0.385 ,0.250 
2022/7/6 17:00,30.400 ,0.352 ,0.259 
2022/7/6 18:00,29.300 ,0.102 ,0.270 
2022/7/6 19:00,28.800 ,0.056 ,0.241 
2022/7/6 20:00,28.400 ,0.013 ,0.106 
2022/7/6 21:00,28.400 ,0.000 ,0.000 
2022/7/6 22:00,28.000 ,0.000 ,0.000 
2022/7/6 23:00,27.900 ,0.000 ,0.000 
2022/7/7 0:00,28.000 ,0.000 ,0.000 
2022/7/7 1:00,27.800 ,0.000 ,0.000 
2022/7/7 2:00,27.700 ,0.000 ,0.000 
2022/7/7 3:00,27.800 ,0.000 ,0.000 
2022/7/7 4:00,27.300 ,0.000 ,0.000 
2022/7/7 5:00,26.900 ,0.000 ,0.000 
2022/7/7 6:00,26.900 ,0.000 ,0.000 
2022/7/7 7:00,27.500 ,0.096 ,0.009 
2022/7/7 8:00,28.900 ,0.467 ,0.025 
2022/7/7 9:00,30.300 ,0.477 ,0.147 
2022/7/7 10:00,32.300 ,0.458 ,0.231 
2022/7/7 11:00,33.000 ,0.443 ,0.226 
2022/7/7 12:00,31.900 ,0.436 ,0.226 
2022/7/7 13:00,32.000 ,0.462 ,0.227 
2022/7/7 14:00,32.300 ,0.418 ,0.237 
2022/7/7 15:00,31.400 ,0.410 ,0.240 
2022/7/7 16:00,31.400 ,0.408 ,0.250 
2022/7/7 17:00,30.800 ,0.171 ,0.280 
2022/7/7 18:00,29.900 ,0.092 ,0.264 
2022/7/7 19:00,30.000 ,0.053 ,0.238 
2022/7/7 20:00,29.200 ,0.014 ,0.087 
2022/7/7 21:00,28.800 ,0.000 ,0.000 
2022/7/7 22:00,28.600 ,0.000 ,0.000 
2022/7/7 23:00,28.500 ,0.000 ,0.000 
2022/7/8 0:00,28.100 ,0.000 ,0.000 
2022/7/8 1:00,27.900 ,0.000 ,0.000 
2022/7/8 2:00,28.400 ,0.000 ,0.000 
2022/7/8 3:00,27.900 ,0.000 ,0.000 
2022/7/8 4:00,27.900 ,0.000 ,0.000 
2022/7/8 5:00,27.700 ,0.000 ,0.000 
2022/7/8 6:00,27.800 ,0.000 ,0.000 
2022/7/8 7:00,28.300 ,0.085 ,0.003 
2022/7/8 8:00,29.500 ,0.512 ,0.003 
2022/7/8 9:00,31.200 ,0.417 ,0.145 
2022/7/8 10:00,31.700 ,0.414 ,0.207 
2022/7/8 11:00,32.600 ,0.438 ,0.201 
2022/7/8 12:00,31.600 ,0.440 ,0.212 
2022/7/8 13:00,32.600 ,0.460 ,0.208 
2022/7/8 14:00,29.800 ,0.445 ,0.216 
2022/7/8 15:00,32.300 ,0.414 ,0.226 
2022/7/8 16:00,33.800 ,0.335 ,0.234 
2022/7/8 17:00,32.500 ,0.125 ,0.257 
2022/7/8 18:00,31.700 ,0.092 ,0.237 
2022/7/8 19:00,30.800 ,0.076 ,0.193 
2022/7/8 20:00,30.300 ,0.025 ,0.080 
2022/7/8 21:00,29.800 ,0.000 ,0.000 
2022/7/8 22:00,29.000 ,0.000 ,0.000 
2022/7/8 23:00,27.700 ,0.000 ,0.000 
2022/7/9 0:00,27.100 ,0.000 ,0.000 
2022/7/9 1:00,27.200 ,0.000 ,0.000 
2022/7/9 2:00,27.300 ,0.000 ,0.000 
2022/7/9 3:00,27.200 ,0.000 ,0.000 
2022/7/9 4:00,27.900 ,0.000 ,0.000 
2022/7/9 5:00,27.700 ,0.000 ,0.000 
2022/7/9 6:00,27.500 ,0.000 ,0.000 
2022/7/9 7:00,27.700 ,0.000 ,0.000 
2022/7/9 8:00,28.100 ,0.003 ,0.000 
2022/7/9 9:00,28.500 ,0.080 ,0.090 
2022/7/9 10:00,29.900 ,0.045 ,0.155 
2022/7/9 11:00,30.800 ,0.042 ,0.148 
2022/7/9 12:00,30.700 ,0.052 ,0.167 
2022/7/9 13:00,30.900 ,0.052 ,0.202 
2022/7/9 14:00,31.500 ,0.042 ,0.138 
2022/7/9 15:00,31.300 ,0.045 ,0.211 
2022/7/9 16:00,30.400 ,0.053 ,0.210 
2022/7/9 17:00,29.800 ,0.053 ,0.209 
2022/7/9 18:00,29.100 ,0.033 ,0.053 
2022/7/9 19:00,27.800 ,0.000 ,0.000 
2022/7/9 20:00,27.600 ,0.000 ,0.000 
2022/7/9 21:00,27.400 ,0.000 ,0.000 
2022/7/9 22:00,27.400 ,0.000 ,0.000 
2022/7/9 23:00,27.500 ,0.000 ,0.000 
2022/7/10 0:00,27.300 ,0.000 ,0.000 
2022/7/10 1:00,26.800 ,0.000 ,0.000 
2022/7/10 2:00,26.600 ,0.000 ,0.000 
2022/7/10 3:00,26.200 ,0.000 ,0.000 
2022/7/10 4:00,26.100 ,0.000 ,0.000 
2022/7/10 5:00,25.900 ,0.000 ,0.000 
2022/7/10 6:00,26.200 ,0.000 ,0.000 
2022/7/10 7:00,26.900 ,0.000 ,0.000 
2022/7/10 8:00,28.100 ,0.000 ,0.000 
2022/7/10 9:00,28.500 ,0.000 ,0.000 
2022/7/10 10:00,30.100 ,0.000 ,0.000 
2022/7/10 11:00,30.100 ,0.000 ,0.000 
2022/7/10 12:00,31.000 ,0.000 ,0.000 
2022/7/10 13:00,31.700 ,0.000 ,0.000 
2022/7/10 14:00,31.400 ,0.000 ,0.000 
2022/7/10 15:00,30.800 ,0.000 ,0.000 
2022/7/10 16:00,30.400 ,0.000 ,0.000 
2022/7/10 17:00,29.900 ,0.000 ,0.000 
2022/7/10 18:00,28.900 ,0.000 ,0.000 
2022/7/10 19:00,28.400 ,0.000 ,0.000 
2022/7/10 20:00,28.200 ,0.000 ,0.000 
2022/7/10 21:00,28.000 ,0.000 ,0.000 
2022/7/10 22:00,27.500 ,0.000 ,0.000 
2022/7/10 23:00,27.100 ,0.000 ,0.000 
2022/7/11 0:00,27.100 ,0.000 ,0.000 
2022/7/11 1:00,27.300 ,0.000 ,0.000 
2022/7/11 2:00,27.100 ,0.000 ,0.000 
2022/7/11 3:00,26.800 ,0.000 ,0.000 
2022/7/11 4:00,26.500 ,0.000 ,0.000 
2022/7/11 5:00,26.500 ,0.000 ,0.000 
2022/7/11 6:00,26.800 ,0.000 ,0.000 
2022/7/11 7:00,27.400 ,0.150 ,0.012 
2022/7/11 8:00,28.800 ,0.515 ,0.006 
2022/7/11 9:00,30.400 ,0.431 ,0.194 
2022/7/11 10:00,30.900 ,0.412 ,0.257 
2022/7/11 11:00,31.300 ,0.438 ,0.263 
2022/7/11 12:00,31.400 ,0.444 ,0.276 
2022/7/11 13:00,29.200 ,0.448 ,0.269 
2022/7/11 14:00,31.500 ,0.425 ,0.265 
2022/7/11 15:00,31.200 ,0.393 ,0.255 
2022/7/11 16:00,31.600 ,0.382 ,0.255 
2022/7/11 17:00,29.700 ,0.343 ,0.274 
2022/7/11 18:00,29.100 ,0.335 ,0.292 
2022/7/11 19:00,28.400 ,0.291 ,0.267 
2022/7/11 20:00,28.600 ,0.121 ,0.086 
2022/7/11 21:00,28.400 ,0.000 ,0.000 
2022/7/11 22:00,28.100 ,0.000 ,0.000 
2022/7/11 23:00,28.000 ,0.000 ,0.000 
2022/7/12 0:00,28.600 ,0.000 ,0.000 
2022/7/12 1:00,28.200 ,0.000 ,0.000 
2022/7/12 2:00,27.900 ,0.000 ,0.000 
2022/7/12 3:00,27.500 ,0.000 ,0.000 
2022/7/12 4:00,27.500 ,0.000 ,0.000 
2022/7/12 5:00,27.500 ,0.000 ,0.000 
2022/7/12 6:00,27.400 ,0.000 ,0.000 
2022/7/12 7:00,27.700 ,0.103 ,0.003 
2022/7/12 8:00,28.100 ,0.491 ,0.005 
2022/7/12 9:00,28.500 ,0.445 ,0.209 
2022/7/12 10:00,28.900 ,0.440 ,0.268 
2022/7/12 11:00,28.300 ,0.425 ,0.257 
2022/7/12 12:00,29.400 ,0.431 ,0.267 
2022/7/12 13:00,29.200 ,0.454 ,0.268 
2022/7/12 14:00,29.300 ,0.442 ,0.261 
2022/7/12 15:00,29.200 ,0.444 ,0.272 
2022/7/12 16:00,29.600 ,0.244 ,0.292 
2022/7/12 17:00,29.400 ,0.151 ,0.290 
2022/7/12 18:00,27.900 ,0.089 ,0.286 
2022/7/12 19:00,27.100 ,0.043 ,0.256 
2022/7/12 20:00,26.600 ,0.014 ,0.114 
2022/7/12 21:00,26.400 ,0.000 ,0.000 
2022/7/12 22:00,26.400 ,0.000 ,0.000 
2022/7/12 23:00,26.100 ,0.000 ,0.000 
2022/7/13 0:00,25.900 ,0.000 ,0.000 
2022/7/13 1:00,25.600 ,0.000 ,0.000 
2022/7/13 2:00,25.500 ,0.000 ,0.000 
2022/7/13 3:00,25.200 ,0.000 ,0.000 
2022/7/13 4:00,24.900 ,0.000 ,0.000 
2022/7/13 5:00,25.200 ,0.000 ,0.000 
2022/7/13 6:00,24.500 ,0.000 ,0.000 
2022/7/13 7:00,25.600 ,0.097 ,0.003 
2022/7/13 8:00,27.300 ,0.483 ,0.005 
2022/7/13 9:00,27.700 ,0.402 ,0.084 
2022/7/13 10:00,27.900 ,0.366 ,0.201 
2022/7/13 11:00,28.700 ,0.389 ,0.200 
2022/7/13 12:00,29.000 ,0.381 ,0.196 
2022/7/13 13:00,30.100 ,0.433 ,0.204 
2022/7/13 14:00,29.700 ,0.424 ,0.215 
2022/7/13 15:00,29.400 ,0.406 ,0.236 
2022/7/13 16:00,29.800 ,0.410 ,0.256 
2022/7/13 17:00,29.900 ,0.264 ,0.250 
2022/7/13 18:00,28.800 ,0.082 ,0.240 
2022/7/13 19:00,28.800 ,0.037 ,0.181 
2022/7/13 20:00,28.100 ,0.014 ,0.059 
2022/7/13 21:00,27.900 ,0.000 ,0.000 
2022/7/13 22:00,28.100 ,0.000 ,0.000 
2022/7/13 23:00,28.000 ,0.000 ,0.000 
2022/7/14 0:00,28.000 ,0.000 ,0.000 
2022/7/14 1:00,28.300 ,0.000 ,0.000 
2022/7/14 2:00,28.200 ,0.000 ,0.000 
2022/7/14 3:00,28.500 ,0.000 ,0.000 
2022/7/14 4:00,29.300 ,0.000 ,0.000 
2022/7/14 5:00,29.300 ,0.000 ,0.000 
2022/7/14 6:00,29.400 ,0.000 ,0.000 
2022/7/14 7:00,29.400 ,0.083 ,0.003 
2022/7/14 8:00,30.100 ,0.450 ,0.005 
2022/7/14 9:00,31.300 ,0.406 ,0.179 
2022/7/14 10:00,32.600 ,0.430 ,0.258 
2022/7/14 11:00,31.800 ,0.401 ,0.234 
2022/7/14 12:00,31.200 ,0.398 ,0.236 
2022/7/14 13:00,33.000 ,0.401 ,0.229 
2022/7/14 14:00,33.200 ,0.402 ,0.233 
2022/7/14 15:00,32.700 ,0.399 ,0.245 
2022/7/14 16:00,32.000 ,0.354 ,0.241 
2022/7/14 17:00,30.400 ,0.123 ,0.278 
2022/7/14 18:00,30.800 ,0.074 ,0.251 
2022/7/14 19:00,29.900 ,0.040 ,0.222 
2022/7/14 20:00,29.400 ,0.013 ,0.074 
2022/7/14 21:00,29.600 ,0.000 ,0.000 
2022/7/14 22:00,29.500 ,0.000 ,0.000 
2022/7/14 23:00,29.100 ,0.000 ,0.000 
2022/7/15 0:00,28.700 ,0.000 ,0.000 
2022/7/15 1:00,28.500 ,0.000 ,0.000 
2022/7/15 2:00,28.500 ,0.000 ,0.000 
2022/7/15 3:00,28.500 ,0.000 ,0.000 
2022/7/15 4:00,27.100 ,0.000 ,0.000 
2022/7/15 5:00,26.900 ,0.000 ,0.000 
2022/7/15 6:00,26.700 ,0.000 ,0.000 
2022/7/15 7:00,26.700 ,0.096 ,0.000 
2022/7/15 8:00,26.300 ,0.487 ,0.000 
2022/7/15 9:00,26.800 ,0.426 ,0.176 
2022/7/15 10:00,27.600 ,0.436 ,0.271 
2022/7/15 11:00,27.300 ,0.432 ,0.254 
2022/7/15 12:00,29.300 ,0.427 ,0.239 
2022/7/15 13:00,32.000 ,0.434 ,0.235 
2022/7/15 14:00,30.300 ,0.427 ,0.233 
2022/7/15 15:00,31.600 ,0.420 ,0.246 
2022/7/15 16:00,31.000 ,0.331 ,0.262 
2022/7/15 17:00,30.300 ,0.126 ,0.281 
2022/7/15 18:00,28.100 ,0.074 ,0.253 
2022/7/15 19:00,27.400 ,0.048 ,0.233 
2022/7/15 20:00,27.100 ,0.013 ,0.082 
2022/7/15 21:00,26.700 ,0.000 ,0.000 
2022/7/15 22:00,26.400 ,0.000 ,0.000 
2022/7/15 23:00,26.100 ,0.000 ,0.000 
2022/7/16 0:00,24.900 ,0.000 ,0.000 
2022/7/16 1:00,24.500 ,0.000 ,0.000 
2022/7/16 2:00,24.400 ,0.000 ,0.000 
2022/7/16 3:00,24.600 ,0.000 ,0.000 
2022/7/16 4:00,24.600 ,0.000 ,0.000 
2022/7/16 5:00,24.600 ,0.000 ,0.000 
2022/7/16 6:00,24.800 ,0.000 ,0.000 
2022/7/16 7:00,25.500 ,0.021 ,0.000 
2022/7/16 8:00,26.400 ,0.385 ,0.000 
2022/7/16 9:00,27.600 ,0.317 ,0.196 
2022/7/16 10:00,28.000 ,0.331 ,0.249 
2022/7/16 11:00,28.600 ,0.355 ,0.277 
2022/7/16 12:00,29.800 ,0.350 ,0.287 
2022/7/16 13:00,30.500 ,0.360 ,0.276 
2022/7/16 14:00,30.900 ,0.329 ,0.251 
2022/7/16 15:00,29.900 ,0.088 ,0.274 
2022/7/16 16:00,29.800 ,0.056 ,0.281 
2022/7/16 17:00,29.900 ,0.051 ,0.272 
2022/7/16 18:00,29.300 ,0.026 ,0.119 
2022/7/16 19:00,28.500 ,0.000 ,0.000 
2022/7/16 20:00,28.000 ,0.000 ,0.000 
2022/7/16 21:00,27.300 ,0.000 ,0.000 
2022/7/16 22:00,27.200 ,0.000 ,0.000 
2022/7/16 23:00,27.100 ,0.000 ,0.000 
2022/7/17 0:00,26.100 ,0.000 ,0.000 
2022/7/17 1:00,25.800 ,0.000 ,0.000 
2022/7/17 2:00,25.300 ,0.000 ,0.000 
2022/7/17 3:00,25.000 ,0.000 ,0.000 
2022/7/17 4:00,25.000 ,0.000 ,0.000 
2022/7/17 5:00,24.900 ,0.000 ,0.000 
2022/7/17 6:00,25.200 ,0.000 ,0.000 
2022/7/17 7:00,26.600 ,0.000 ,0.000 
2022/7/17 8:00,28.300 ,0.000 ,0.000 
2022/7/17 9:00,28.400 ,0.000 ,0.000 
2022/7/17 10:00,28.000 ,0.000 ,0.000 
2022/7/17 11:00,27.800 ,0.000 ,0.000 
2022/7/17 12:00,28.400 ,0.015 ,0.004 
2022/7/17 13:00,29.600 ,0.073 ,0.011 
2022/7/17 14:00,30.100 ,0.040 ,0.000 
2022/7/17 15:00,30.500 ,0.005 ,0.000 
2022/7/17 16:00,31.000 ,0.000 ,0.000 
2022/7/17 17:00,30.200 ,0.000 ,0.000 
2022/7/17 18:00,30.100 ,0.000 ,0.000 
2022/7/17 19:00,29.500 ,0.000 ,0.000 
2022/7/17 20:00,28.800 ,0.000 ,0.000 
2022/7/17 21:00,28.500 ,0.000 ,0.000 
2022/7/17 22:00,28.400 ,0.000 ,0.000 
2022/7/17 23:00,27.600 ,0.000 ,0.000 
2022/7/18 0:00,27.100 ,0.000 ,0.000 
2022/7/18 1:00,27.000 ,0.000 ,0.000 
2022/7/18 2:00,26.900 ,0.000 ,0.000 
2022/7/18 3:00,26.600 ,0.000 ,0.000 
2022/7/18 4:00,26.300 ,0.000 ,0.000 
2022/7/18 5:00,28.100 ,0.000 ,0.000 
2022/7/18 6:00,25.700 ,0.000 ,0.000 
2022/7/18 7:00,25.500 ,0.000 ,0.000 
2022/7/18 8:00,26.300 ,0.034 ,0.009 
2022/7/18 9:00,25.900 ,0.051 ,0.006 
2022/7/18 10:00,27.300 ,0.042 ,0.000 
2022/7/18 11:00,29.400 ,0.034 ,0.000 
2022/7/18 12:00,29.400 ,0.037 ,0.000 
2022/7/18 13:00,30.400 ,0.033 ,0.000 
2022/7/18 14:00,30.900 ,0.033 ,0.000 
2022/7/18 15:00,31.000 ,0.034 ,0.000 
2022/7/18 16:00,30.900 ,0.033 ,0.000 
2022/7/18 17:00,30.700 ,0.038 ,0.000 
2022/7/18 18:00,30.000 ,0.027 ,0.000 
2022/7/18 19:00,29.500 ,0.000 ,0.000 
2022/7/18 20:00,27.800 ,0.000 ,0.000 
2022/7/18 21:00,28.600 ,0.000 ,0.000 
2022/7/18 22:00,28.200 ,0.000 ,0.000 
2022/7/18 23:00,26.200 ,0.000 ,0.000 
2022/7/19 0:00,26.600 ,0.000 ,0.000 
2022/7/19 1:00,26.600 ,0.000 ,0.000 
2022/7/19 2:00,26.800 ,0.000 ,0.000 
2022/7/19 3:00,27.000 ,0.000 ,0.000 
2022/7/19 4:00,28.800 ,0.000 ,0.000 
2022/7/19 5:00,27.000 ,0.000 ,0.000 
2022/7/19 6:00,29.300 ,0.000 ,0.000 
2022/7/19 7:00,26.700 ,0.211 ,0.000 
2022/7/19 8:00,26.800 ,0.549 ,0.000 
2022/7/19 9:00,26.300 ,0.424 ,0.241 
2022/7/19 10:00,27.800 ,0.443 ,0.279 
2022/7/19 11:00,28.800 ,0.458 ,0.276 
2022/7/19 12:00,29.500 ,0.445 ,0.261 
2022/7/19 13:00,28.700 ,0.452 ,0.254 
2022/7/19 14:00,29.900 ,0.455 ,0.260 
2022/7/19 15:00,31.100 ,0.451 ,0.263 
2022/7/19 16:00,31.200 ,0.408 ,0.261 
2022/7/19 17:00,29.700 ,0.260 ,0.283 
2022/7/19 18:00,28.900 ,0.094 ,0.298 
2022/7/19 19:00,27.800 ,0.043 ,0.270 
2022/7/19 20:00,27.300 ,0.014 ,0.119 
2022/7/19 21:00,27.100 ,0.000 ,0.000 
2022/7/19 22:00,26.700 ,0.000 ,0.000 
2022/7/19 23:00,26.400 ,0.000 ,0.000 
2022/7/20 0:00,25.900 ,0.000 ,0.000 
2022/7/20 1:00,25.500 ,0.000 ,0.000 
2022/7/20 2:00,25.100 ,0.000 ,0.000 
2022/7/20 3:00,24.800 ,0.000 ,0.000 
2022/7/20 4:00,24.800 ,0.000 ,0.000 
2022/7/20 5:00,24.800 ,0.000 ,0.000 
2022/7/20 6:00,25.200 ,0.000 ,0.000 
2022/7/20 7:00,25.800 ,0.134 ,0.000 
2022/7/20 8:00,27.600 ,0.507 ,0.000 
2022/7/20 9:00,28.700 ,0.401 ,0.252 
2022/7/20 10:00,30.400 ,0.410 ,0.235 
2022/7/20 11:00,31.000 ,0.403 ,0.222 
2022/7/20 12:00,32.100 ,0.403 ,0.234 
2022/7/20 13:00,31.400 ,0.433 ,0.251 
2022/7/20 14:00,31.400 ,0.410 ,0.257 
2022/7/20 15:00,31.600 ,0.407 ,0.265 
2022/7/20 16:00,29.900 ,0.381 ,0.264 
2022/7/20 17:00,29.400 ,0.164 ,0.297 
2022/7/20 18:00,29.000 ,0.078 ,0.295 
2022/7/20 19:00,29.100 ,0.041 ,0.251 
2022/7/20 20:00,28.600 ,0.014 ,0.109 
2022/7/20 21:00,28.200 ,0.000 ,0.000 
2022/7/20 22:00,27.500 ,0.000 ,0.000 
2022/7/20 23:00,27.500 ,0.000 ,0.000 
2022/7/21 0:00,27.700 ,0.000 ,0.000 
2022/7/21 1:00,28.100 ,0.000 ,0.000 
2022/7/21 2:00,28.100 ,0.000 ,0.000 
2022/7/21 3:00,28.100 ,0.000 ,0.000 
2022/7/21 4:00,28.200 ,0.000 ,0.000 
2022/7/21 5:00,28.300 ,0.000 ,0.000 
2022/7/21 6:00,28.500 ,0.000 ,0.000 
2022/7/21 7:00,30.200 ,0.138 ,0.000 
2022/7/21 8:00,30.900 ,0.527 ,0.000 
2022/7/21 9:00,31.700 ,0.437 ,0.196 
2022/7/21 10:00,32.200 ,0.449 ,0.249 
2022/7/21 11:00,32.900 ,0.439 ,0.233 
2022/7/21 12:00,34.400 ,0.452 ,0.242 
2022/7/21 13:00,34.400 ,0.453 ,0.236 
2022/7/21 14:00,35.400 ,0.453 ,0.239 
2022/7/21 15:00,35.700 ,0.460 ,0.253 
2022/7/21 16:00,35.100 ,0.424 ,0.251 
2022/7/21 17:00,32.100 ,0.358 ,0.283 
2022/7/21 18:00,31.800 ,0.169 ,0.295 
2022/7/21 19:00,30.300 ,0.063 ,0.221 
2022/7/21 20:00,28.300 ,0.014 ,0.057 
2022/7/21 21:00,28.000 ,0.000 ,0.000 
2022/7/21 22:00,27.300 ,0.000 ,0.000 
2022/7/21 23:00,27.200 ,0.000 ,0.000 
2022/7/22 0:00,26.800 ,0.000 ,0.000 
2022/7/22 1:00,26.700 ,0.000 ,0.000 
2022/7/22 2:00,26.500 ,0.000 ,0.000 
2022/7/22 3:00,26.000 ,0.000 ,0.000 
2022/7/22 4:00,25.900 ,0.000 ,0.000 
2022/7/22 5:00,25.900 ,0.000 ,0.000 
2022/7/22 6:00,26.100 ,0.000 ,0.000 
2022/7/22 7:00,26.300 ,0.122 ,0.000 
2022/7/22 8:00,26.800 ,0.487 ,0.000 
2022/7/22 9:00,27.400 ,0.378 ,0.225 
2022/7/22 10:00,28.100 ,0.403 ,0.287 
2022/7/22 11:00,28.100 ,0.425 ,0.276 
2022/7/22 12:00,29.500 ,0.427 ,0.269 
2022/7/22 13:00,30.000 ,0.438 ,0.270 
2022/7/22 14:00,30.100 ,0.407 ,0.269 
2022/7/22 15:00,29.500 ,0.405 ,0.276 
2022/7/22 16:00,29.800 ,0.393 ,0.292 
2022/7/22 17:00,28.900 ,0.135 ,0.315 
2022/7/22 18:00,27.800 ,0.069 ,0.281 
2022/7/22 19:00,27.200 ,0.037 ,0.238 
2022/7/22 20:00,26.700 ,0.014 ,0.095 
2022/7/22 21:00,26.400 ,0.000 ,0.000 
2022/7/22 22:00,26.600 ,0.000 ,0.000 
2022/7/22 23:00,25.700 ,0.000 ,0.000 
2022/7/23 0:00,25.900 ,0.000 ,0.000 
2022/7/23 1:00,25.500 ,0.000 ,0.000 
2022/7/23 2:00,25.400 ,0.000 ,0.000 
2022/7/23 3:00,25.200 ,0.000 ,0.000 
2022/7/23 4:00,25.000 ,0.000 ,0.000 
2022/7/23 5:00,24.800 ,0.000 ,0.000 
2022/7/23 6:00,24.600 ,0.000 ,0.000 
2022/7/23 7:00,24.800 ,0.000 ,0.000 
2022/7/23 8:00,25.800 ,0.004 ,0.000 
2022/7/23 9:00,27.300 ,0.066 ,0.067 
2022/7/23 10:00,28.500 ,0.048 ,0.117 
2022/7/23 11:00,29.900 ,0.039 ,0.134 
2022/7/23 12:00,30.000 ,0.035 ,0.166 
2022/7/23 13:00,29.800 ,0.049 ,0.127 
2022/7/23 14:00,30.300 ,0.031 ,0.098 
2022/7/23 15:00,29.000 ,0.050 ,0.127 
2022/7/23 16:00,29.500 ,0.037 ,0.111 
2022/7/23 17:00,28.300 ,0.046 ,0.124 
2022/7/23 18:00,28.000 ,0.011 ,0.040 
2022/7/23 19:00,27.400 ,0.000 ,0.000 
2022/7/23 20:00,27.300 ,0.000 ,0.000 
2022/7/23 21:00,27.300 ,0.000 ,0.000 
2022/7/23 22:00,27.500 ,0.000 ,0.000 
2022/7/23 23:00,27.300 ,0.000 ,0.000 
2022/7/24 0:00,26.800 ,0.000 ,0.000 
2022/7/24 1:00,26.400 ,0.000 ,0.000 
2022/7/24 2:00,26.100 ,0.000 ,0.000 
2022/7/24 3:00,26.000 ,0.000 ,0.000 
2022/7/24 4:00,26.100 ,0.000 ,0.000 
2022/7/24 5:00,26.100 ,0.000 ,0.000 
2022/7/24 6:00,26.200 ,0.000 ,0.000 
2022/7/24 7:00,26.900 ,0.000 ,0.000 
2022/7/24 8:00,28.600 ,0.000 ,0.000 
2022/7/24 9:00,28.400 ,0.056 ,0.009 
2022/7/24 10:00,30.000 ,0.048 ,0.005 
2022/7/24 11:00,30.600 ,0.048 ,0.000 
2022/7/24 12:00,30.400 ,0.036 ,0.000 
2022/7/24 13:00,31.900 ,0.019 ,0.000 
2022/7/24 14:00,30.400 ,0.000 ,0.000 
2022/7/24 15:00,30.200 ,0.000 ,0.000 
2022/7/24 16:00,31.100 ,0.000 ,0.000 
2022/7/24 17:00,31.500 ,0.000 ,0.000 
2022/7/24 18:00,31.000 ,0.000 ,0.000 
2022/7/24 19:00,28.700 ,0.000 ,0.000 
2022/7/24 20:00,27.800 ,0.000 ,0.000 
2022/7/24 21:00,27.800 ,0.000 ,0.000 
2022/7/24 22:00,27.900 ,0.000 ,0.000 
2022/7/24 23:00,28.100 ,0.000 ,0.000 
2022/7/25 0:00,27.600 ,0.000 ,0.000 
2022/7/25 1:00,27.300 ,0.000 ,0.000 
2022/7/25 2:00,26.500 ,0.000 ,0.000 
2022/7/25 3:00,26.400 ,0.000 ,0.000 
2022/7/25 4:00,26.800 ,0.000 ,0.000 
2022/7/25 5:00,26.800 ,0.000 ,0.000 
2022/7/25 6:00,26.400 ,0.000 ,0.000 
2022/7/25 7:00,27.100 ,0.313 ,0.007 
2022/7/25 8:00,27.400 ,0.497 ,0.002 
2022/7/25 9:00,28.400 ,0.417 ,0.168 
2022/7/25 10:00,28.400 ,0.436 ,0.236 
2022/7/25 11:00,29.000 ,0.447 ,0.258 
2022/7/25 12:00,28.900 ,0.431 ,0.243 
2022/7/25 13:00,29.900 ,0.459 ,0.256 
2022/7/25 14:00,28.500 ,0.431 ,0.283 
2022/7/25 15:00,29.700 ,0.436 ,0.289 
2022/7/25 16:00,29.900 ,0.406 ,0.277 
2022/7/25 17:00,28.700 ,0.130 ,0.303 
2022/7/25 18:00,28.400 ,0.088 ,0.282 
2022/7/25 19:00,28.100 ,0.049 ,0.257 
2022/7/25 20:00,27.800 ,0.014 ,0.129 
2022/7/25 21:00,27.900 ,0.000 ,0.000 
2022/7/25 22:00,27.800 ,0.000 ,0.000 
2022/7/25 23:00,27.200 ,0.000 ,0.000 
2022/7/26 0:00,26.600 ,0.000 ,0.000 
2022/7/26 1:00,26.800 ,0.000 ,0.000 
2022/7/26 2:00,26.900 ,0.000 ,0.000 
2022/7/26 3:00,26.600 ,0.000 ,0.000 
2022/7/26 4:00,26.600 ,0.000 ,0.000 
2022/7/26 5:00,26.400 ,0.000 ,0.000 
2022/7/26 6:00,26.600 ,0.000 ,0.000 
2022/7/26 7:00,26.900 ,0.148 ,0.007 
2022/7/26 8:00,28.200 ,0.522 ,0.023 
2022/7/26 9:00,28.900 ,0.425 ,0.197 
2022/7/26 10:00,30.300 ,0.452 ,0.271 
2022/7/26 11:00,31.300 ,0.467 ,0.275 
2022/7/26 12:00,31.300 ,0.457 ,0.265 
2022/7/26 13:00,31.200 ,0.475 ,0.269 
2022/7/26 14:00,31.400 ,0.452 ,0.278 
2022/7/26 15:00,31.200 ,0.424 ,0.278 
2022/7/26 16:00,30.700 ,0.229 ,0.296 
2022/7/26 17:00,29.600 ,0.133 ,0.317 
2022/7/26 18:00,28.900 ,0.099 ,0.304 
2022/7/26 19:00,28.600 ,0.064 ,0.285 
2022/7/26 20:00,28.000 ,0.015 ,0.132 
2022/7/26 21:00,27.700 ,0.000 ,0.000 
2022/7/26 22:00,27.400 ,0.000 ,0.000 
2022/7/26 23:00,27.400 ,0.000 ,0.000 
2022/7/27 0:00,26.900 ,0.000 ,0.000 
2022/7/27 1:00,26.700 ,0.000 ,0.000 
2022/7/27 2:00,26.600 ,0.000 ,0.000 
2022/7/27 3:00,26.400 ,0.000 ,0.000 
2022/7/27 4:00,26.000 ,0.000 ,0.000 
2022/7/27 5:00,25.500 ,0.000 ,0.000 
2022/7/27 6:00,25.900 ,0.000 ,0.000 
2022/7/27 7:00,26.800 ,0.154 ,0.000 
2022/7/27 8:00,28.300 ,0.537 ,0.000 
2022/7/27 9:00,29.000 ,0.446 ,0.174 
2022/7/27 10:00,30.600 ,0.424 ,0.213 
2022/7/27 11:00,32.200 ,0.439 ,0.209 
2022/7/27 12:00,31.500 ,0.433 ,0.210 
2022/7/27 13:00,31.400 ,0.466 ,0.217 
2022/7/27 14:00,32.200 ,0.434 ,0.232 
2022/7/27 15:00,32.300 ,0.427 ,0.256 
2022/7/27 16:00,30.700 ,0.440 ,0.280 
2022/7/27 17:00,30.000 ,0.190 ,0.283 
2022/7/27 18:00,30.400 ,0.122 ,0.263 
2022/7/27 19:00,30.000 ,0.046 ,0.228 
2022/7/27 20:00,29.700 ,0.014 ,0.093 
2022/7/27 21:00,30.100 ,0.000 ,0.000 
2022/7/27 22:00,29.400 ,0.000 ,0.000 
2022/7/27 23:00,29.300 ,0.000 ,0.000 
2022/7/28 0:00,29.300 ,0.000 ,0.000 
2022/7/28 1:00,29.000 ,0.000 ,0.000 
2022/7/28 2:00,28.900 ,0.000 ,0.000 
2022/7/28 3:00,28.900 ,0.000 ,0.000 
2022/7/28 4:00,28.900 ,0.000 ,0.000 
2022/7/28 5:00,28.600 ,0.000 ,0.000 
2022/7/28 6:00,28.200 ,0.000 ,0.000 
2022/7/28 7:00,29.100 ,0.146 ,0.000 
2022/7/28 8:00,30.500 ,0.563 ,0.000 
2022/7/28 9:00,31.900 ,0.470 ,0.167 
2022/7/28 10:00,33.500 ,0.472 ,0.206 
2022/7/28 11:00,34.600 ,0.476 ,0.204 
2022/7/28 12:00,33.800 ,0.463 ,0.232 
2022/7/28 13:00,34.700 ,0.473 ,0.233 
2022/7/28 14:00,34.800 ,0.431 ,0.234 
2022/7/28 15:00,33.500 ,0.362 ,0.261 
2022/7/28 16:00,29.800 ,0.137 ,0.264 
2022/7/28 17:00,29.000 ,0.081 ,0.213 
2022/7/28 18:00,30.300 ,0.067 ,0.201 
2022/7/28 19:00,30.600 ,0.038 ,0.174 
2022/7/28 20:00,29.600 ,0.014 ,0.065 
2022/7/28 21:00,29.600 ,0.000 ,0.000 
2022/7/28 22:00,29.000 ,0.000 ,0.000 
2022/7/28 23:00,28.400 ,0.000 ,0.000 
2022/7/29 0:00,29.000 ,0.000 ,0.000 
2022/7/29 1:00,28.700 ,0.000 ,0.000 
2022/7/29 2:00,28.500 ,0.000 ,0.000 
2022/7/29 3:00,28.300 ,0.000 ,0.000 
2022/7/29 4:00,28.200 ,0.000 ,0.000 
2022/7/29 5:00,28.100 ,0.000 ,0.000 
2022/7/29 6:00,27.900 ,0.000 ,0.000 
2022/7/29 7:00,28.800 ,0.147 ,0.000 
2022/7/29 8:00,30.500 ,0.534 ,0.000 
2022/7/29 9:00,32.100 ,0.450 ,0.176 
2022/7/29 10:00,33.200 ,0.469 ,0.216 
2022/7/29 11:00,33.800 ,0.477 ,0.223 
2022/7/29 12:00,34.300 ,0.475 ,0.221 
2022/7/29 13:00,33.600 ,0.483 ,0.214 
2022/7/29 14:00,34.300 ,0.463 ,0.220 
2022/7/29 15:00,34.200 ,0.452 ,0.216 
2022/7/29 16:00,34.600 ,0.324 ,0.229 
2022/7/29 17:00,34.100 ,0.142 ,0.238 
2022/7/29 18:00,33.100 ,0.084 ,0.233 
2022/7/29 19:00,32.400 ,0.065 ,0.209 
2022/7/29 20:00,31.700 ,0.013 ,0.089 
2022/7/29 21:00,31.000 ,0.000 ,0.000 
2022/7/29 22:00,30.700 ,0.000 ,0.000 
2022/7/29 23:00,30.500 ,0.000 ,0.000 
2022/7/30 0:00,30.400 ,0.000 ,0.000 
2022/7/30 1:00,29.500 ,0.000 ,0.000 
2022/7/30 2:00,29.300 ,0.000 ,0.000 
2022/7/30 3:00,28.800 ,0.000 ,0.000 
2022/7/30 4:00,28.500 ,0.000 ,0.000 
2022/7/30 5:00,28.200 ,0.000 ,0.000 
2022/7/30 6:00,27.900 ,0.000 ,0.000 
2022/7/30 7:00,27.800 ,0.000 ,0.000 
2022/7/30 8:00,28.600 ,0.028 ,0.005 
2022/7/30 9:00,29.600 ,0.390 ,0.117 
2022/7/30 10:00,30.400 ,0.301 ,0.116 
2022/7/30 11:00,32.700 ,0.088 ,0.112 
2022/7/30 12:00,33.800 ,0.059 ,0.132 
2022/7/30 13:00,34.200 ,0.036 ,0.132 
2022/7/30 14:00,34.500 ,0.034 ,0.131 
2022/7/30 15:00,32.800 ,0.034 ,0.127 
2022/7/30 16:00,33.900 ,0.034 ,0.129 
2022/7/30 17:00,34.200 ,0.035 ,0.134 
2022/7/30 18:00,32.400 ,0.015 ,0.063 
2022/7/30 19:00,31.500 ,0.000 ,0.000 
2022/7/30 20:00,31.700 ,0.000 ,0.000 
2022/7/30 21:00,31.200 ,0.000 ,0.000 
2022/7/30 22:00,30.900 ,0.000 ,0.000 
2022/7/30 23:00,30.700 ,0.000 ,0.000 
2022/7/31 0:00,30.200 ,0.000 ,0.000 
2022/7/31 1:00,29.600 ,0.000 ,0.000 
2022/7/31 2:00,29.200 ,0.000 ,0.000 
2022/7/31 3:00,28.200 ,0.000 ,0.000 
2022/7/31 4:00,28.100 ,0.000 ,0.000 
2022/7/31 5:00,27.700 ,0.000 ,0.000 
2022/7/31 6:00,27.800 ,0.000 ,0.000 
2022/7/31 7:00,28.400 ,0.000 ,0.000 
2022/7/31 8:00,29.500 ,0.000 ,0.000 
2022/7/31 9:00,30.600 ,0.000 ,0.000 
2022/7/31 10:00,31.600 ,0.000 ,0.000 
2022/7/31 11:00,32.500 ,0.000 ,0.000 
2022/7/31 12:00,33.700 ,0.000 ,0.000 
2022/7/31 13:00,33.900 ,0.000 ,0.000 
2022/7/31 14:00,34.000 ,0.000 ,0.000 
2022/7/31 15:00,34.400 ,0.000 ,0.000 
2022/7/31 16:00,34.400 ,0.000 ,0.000 
2022/7/31 17:00,34.000 ,0.000 ,0.000 
2022/7/31 18:00,33.100 ,0.000 ,0.000 
2022/7/31 19:00,32.300 ,0.000 ,0.000 
2022/7/31 20:00,31.600 ,0.000 ,0.000 
2022/7/31 21:00,31.000 ,0.000 ,0.000 
2022/7/31 22:00,30.600 ,0.000 ,0.000 
2022/7/31 23:00,30.400 ,0.000 ,0.000 
2022/8/1 0:00,30.300 ,0.000 ,0.000 
2022/8/1 1:00,30.200 ,0.000 ,0.000 
2022/8/1 2:00,29.900 ,0.000 ,0.000 
2022/8/1 3:00,29.800 ,0.000 ,0.000 
2022/8/1 4:00,29.900 ,0.000 ,0.000 
2022/8/1 5:00,29.700 ,0.000 ,0.000 
2022/8/1 6:00,29.500 ,0.000 ,0.000 
2022/8/1 7:00,30.000 ,0.206 ,0.044 
2022/8/1 8:00,32.900 ,0.538 ,0.057 
2022/8/1 9:00,33.300 ,0.474 ,0.250 
2022/8/1 10:00,33.900 ,0.462 ,0.251 
2022/8/1 11:00,34.400 ,0.452 ,0.248 
2022/8/1 12:00,35.700 ,0.460 ,0.257 
2022/8/1 13:00,35.000 ,0.475 ,0.263 
2022/8/1 14:00,35.800 ,0.447 ,0.255 
2022/8/1 15:00,36.000 ,0.414 ,0.249 
2022/8/1 16:00,35.100 ,0.364 ,0.258 
2022/8/1 17:00,34.200 ,0.343 ,0.258 
2022/8/1 18:00,33.000 ,0.093 ,0.276 
2022/8/1 19:00,32.600 ,0.066 ,0.253 
2022/8/1 20:00,31.900 ,0.015 ,0.098 
2022/8/1 21:00,31.500 ,0.000 ,0.000 
2022/8/1 22:00,31.300 ,0.000 ,0.000 
2022/8/1 23:00,30.700 ,0.000 ,0.000 
2022/8/2 0:00,30.500 ,0.000 ,0.000 
2022/8/2 1:00,30.100 ,0.000 ,0.000 
2022/8/2 2:00,30.100 ,0.000 ,0.000 
2022/8/2 3:00,30.100 ,0.000 ,0.000 
2022/8/2 4:00,29.700 ,0.000 ,0.000 
2022/8/2 5:00,29.600 ,0.000 ,0.000 
2022/8/2 6:00,29.500 ,0.000 ,0.000 
2022/8/2 7:00,30.100 ,0.116 ,0.003 
2022/8/2 8:00,31.700 ,0.555 ,0.006 
2022/8/2 9:00,32.300 ,0.467 ,0.227 
2022/8/2 10:00,33.500 ,0.464 ,0.261 
2022/8/2 11:00,34.100 ,0.449 ,0.239 
2022/8/2 12:00,33.800 ,0.460 ,0.237 
2022/8/2 13:00,34.900 ,0.448 ,0.234 
2022/8/2 14:00,36.300 ,0.416 ,0.273 
2022/8/2 15:00,35.700 ,0.432 ,0.289 
2022/8/2 16:00,34.200 ,0.386 ,0.306 
2022/8/2 17:00,33.400 ,0.345 ,0.321 
2022/8/2 18:00,32.400 ,0.103 ,0.325 
2022/8/2 19:00,31.300 ,0.081 ,0.195 
2022/8/2 20:00,30.200 ,0.008 ,0.066 
2022/8/2 21:00,30.100 ,0.000 ,0.000 
2022/8/2 22:00,29.800 ,0.000 ,0.000 
2022/8/2 23:00,29.800 ,0.000 ,0.000 
2022/8/3 0:00,29.900 ,0.000 ,0.000 
2022/8/3 1:00,29.300 ,0.000 ,0.000 
2022/8/3 2:00,30.000 ,0.000 ,0.000 
2022/8/3 3:00,29.600 ,0.000 ,0.000 
2022/8/3 4:00,29.500 ,0.000 ,0.000 
2022/8/3 5:00,29.200 ,0.000 ,0.000 
2022/8/3 6:00,28.900 ,0.000 ,0.000 
2022/8/3 7:00,29.500 ,0.097 ,0.000 
2022/8/3 8:00,30.800 ,0.564 ,0.000 
2022/8/3 9:00,32.400 ,0.492 ,0.229 
2022/8/3 10:00,33.200 ,0.446 ,0.286 
2022/8/3 11:00,33.800 ,0.464 ,0.284 
2022/8/3 12:00,34.900 ,0.466 ,0.296 
2022/8/3 13:00,34.600 ,0.489 ,0.297 
2022/8/3 14:00,34.200 ,0.471 ,0.299 
2022/8/3 15:00,33.500 ,0.393 ,0.308 
2022/8/3 16:00,33.100 ,0.114 ,0.337 
2022/8/3 17:00,34.100 ,0.106 ,0.322 
2022/8/3 18:00,32.800 ,0.095 ,0.306 
2022/8/3 19:00,31.400 ,0.050 ,0.264 
2022/8/3 20:00,31.000 ,0.014 ,0.093 
2022/8/3 21:00,30.500 ,0.000 ,0.000 
2022/8/3 22:00,30.100 ,0.000 ,0.000 
2022/8/3 23:00,30.000 ,0.000 ,0.000 
2022/8/4 0:00,29.500 ,0.000 ,0.000 
2022/8/4 1:00,29.100 ,0.000 ,0.000 
2022/8/4 2:00,28.900 ,0.000 ,0.000 
2022/8/4 3:00,28.500 ,0.000 ,0.000 
2022/8/4 4:00,28.300 ,0.000 ,0.000 
2022/8/4 5:00,28.400 ,0.000 ,0.000 
2022/8/4 6:00,28.200 ,0.000 ,0.000 
2022/8/4 7:00,28.600 ,0.201 ,0.000 
2022/8/4 8:00,30.000 ,0.529 ,0.000 
2022/8/4 9:00,31.600 ,0.450 ,0.209 
2022/8/4 10:00,32.700 ,0.461 ,0.286 
2022/8/4 11:00,32.600 ,0.491 ,0.284 
2022/8/4 12:00,33.100 ,0.511 ,0.285 
2022/8/4 13:00,33.400 ,0.521 ,0.284 
2022/8/4 14:00,33.800 ,0.492 ,0.244 
2022/8/4 15:00,34.100 ,0.492 ,0.243 
2022/8/4 16:00,34.100 ,0.413 ,0.269 
2022/8/4 17:00,33.800 ,0.365 ,0.289 
2022/8/4 18:00,31.900 ,0.364 ,0.290 
2022/8/4 19:00,31.600 ,0.327 ,0.265 
2022/8/4 20:00,30.900 ,0.131 ,0.088 
2022/8/4 21:00,30.000 ,0.000 ,0.000 
2022/8/4 22:00,29.900 ,0.000 ,0.000 
2022/8/4 23:00,29.800 ,0.000 ,0.000 
2022/8/5 0:00,29.800 ,0.000 ,0.000 
2022/8/5 1:00,29.500 ,0.000 ,0.000 
2022/8/5 2:00,29.300 ,0.000 ,0.000 
2022/8/5 3:00,29.100 ,0.000 ,0.000 
2022/8/5 4:00,28.900 ,0.000 ,0.000 
2022/8/5 5:00,29.300 ,0.000 ,0.000 
2022/8/5 6:00,29.300 ,0.000 ,0.000 
2022/8/5 7:00,29.700 ,0.163 ,0.000 
2022/8/5 8:00,29.800 ,0.393 ,0.000 
2022/8/5 9:00,29.500 ,0.361 ,0.217 
2022/8/5 10:00,32.200 ,0.388 ,0.298 
2022/8/5 11:00,32.400 ,0.416 ,0.290 
2022/8/5 12:00,31.900 ,0.406 ,0.296 
2022/8/5 13:00,33.300 ,0.406 ,0.302 
2022/8/5 14:00,34.300 ,0.398 ,0.285 
2022/8/5 15:00,33.600 ,0.383 ,0.287 
2022/8/5 16:00,33.800 ,0.173 ,0.307 
2022/8/5 17:00,33.100 ,0.102 ,0.300 
2022/8/5 18:00,32.500 ,0.098 ,0.283 
2022/8/5 19:00,31.300 ,0.060 ,0.151 
2022/8/5 20:00,30.800 ,0.015 ,0.024 
2022/8/5 21:00,30.400 ,0.000 ,0.000 
2022/8/5 22:00,30.400 ,0.000 ,0.000 
2022/8/5 23:00,30.400 ,0.000 ,0.000 
2022/8/6 0:00,30.400 ,0.000 ,0.000 
2022/8/6 1:00,30.200 ,0.000 ,0.000 
2022/8/6 2:00,29.800 ,0.000 ,0.000 
2022/8/6 3:00,29.900 ,0.000 ,0.000 
2022/8/6 4:00,29.800 ,0.000 ,0.000 
2022/8/6 5:00,29.800 ,0.000 ,0.000 
2022/8/6 6:00,29.700 ,0.000 ,0.000 
2022/8/6 7:00,30.100 ,0.000 ,0.000 
2022/8/6 8:00,30.800 ,0.113 ,0.000 
2022/8/6 9:00,32.200 ,0.123 ,0.099 
2022/8/6 10:00,30.800 ,0.397 ,0.105 
2022/8/6 11:00,28.900 ,0.361 ,0.213 
2022/8/6 12:00,29.300 ,0.340 ,0.112 
2022/8/6 13:00,28.600 ,0.325 ,0.139 
2022/8/6 14:00,28.300 ,0.325 ,0.202 
2022/8/6 15:00,29.200 ,0.313 ,0.184 
2022/8/6 16:00,31.900 ,0.287 ,0.195 
2022/8/6 17:00,32.000 ,0.039 ,0.202 
2022/8/6 18:00,31.100 ,0.018 ,0.057 
2022/8/6 19:00,30.300 ,0.000 ,0.000 
2022/8/6 20:00,30.100 ,0.000 ,0.000 
2022/8/6 21:00,30.000 ,0.000 ,0.000 
2022/8/6 22:00,29.300 ,0.000 ,0.000 
2022/8/6 23:00,28.800 ,0.000 ,0.000 
2022/8/7 0:00,28.600 ,0.000 ,0.000 
2022/8/7 1:00,28.600 ,0.000 ,0.000 
2022/8/7 2:00,28.400 ,0.000 ,0.000 
2022/8/7 3:00,28.200 ,0.000 ,0.000 
2022/8/7 4:00,27.900 ,0.000 ,0.000 
2022/8/7 5:00,28.300 ,0.000 ,0.000 
2022/8/7 6:00,28.100 ,0.000 ,0.000 
2022/8/7 7:00,27.300 ,0.000 ,0.000 
2022/8/7 8:00,29.200 ,0.000 ,0.000 
2022/8/7 9:00,30.200 ,0.031 ,0.000 
2022/8/7 10:00,31.600 ,0.076 ,0.000 
2022/8/7 11:00,32.700 ,0.295 ,0.000 
2022/8/7 12:00,34.300 ,0.302 ,0.000 
2022/8/7 13:00,33.100 ,0.179 ,0.000 
2022/8/7 14:00,34.300 ,0.000 ,0.000 
2022/8/7 15:00,29.800 ,0.000 ,0.000 
2022/8/7 16:00,30.400 ,0.000 ,0.000 
2022/8/7 17:00,31.300 ,0.000 ,0.000 
2022/8/7 18:00,32.800 ,0.000 ,0.000 
2022/8/7 19:00,32.000 ,0.000 ,0.000 
2022/8/7 20:00,31.300 ,0.000 ,0.000 
2022/8/7 21:00,30.600 ,0.000 ,0.000 
2022/8/7 22:00,30.700 ,0.000 ,0.000 
2022/8/7 23:00,29.800 ,0.000 ,0.000 
2022/8/8 0:00,29.800 ,0.000 ,0.000 
2022/8/8 1:00,29.300 ,0.000 ,0.000 
2022/8/8 2:00,29.300 ,0.000 ,0.000 
2022/8/8 3:00,28.900 ,0.000 ,0.000 
2022/8/8 4:00,28.900 ,0.000 ,0.000 
2022/8/8 5:00,28.500 ,0.000 ,0.000 
2022/8/8 6:00,28.400 ,0.000 ,0.000 
2022/8/8 7:00,30.100 ,0.061 ,0.000 
2022/8/8 8:00,31.600 ,0.448 ,0.000 
2022/8/8 9:00,32.500 ,0.383 ,0.272 
2022/8/8 10:00,33.500 ,0.379 ,0.291 
2022/8/8 11:00,34.500 ,0.382 ,0.299 
2022/8/8 12:00,33.600 ,0.391 ,0.309 
2022/8/8 13:00,34.700 ,0.434 ,0.316 
2022/8/8 14:00,34.500 ,0.366 ,0.310 
2022/8/8 15:00,34.500 ,0.337 ,0.315 
2022/8/8 16:00,33.300 ,0.107 ,0.339 
2022/8/8 17:00,33.900 ,0.094 ,0.316 
2022/8/8 18:00,33.400 ,0.074 ,0.315 
2022/8/8 19:00,32.600 ,0.059 ,0.283 
2022/8/8 20:00,31.800 ,0.014 ,0.112 
2022/8/8 21:00,31.300 ,0.000 ,0.000 
2022/8/8 22:00,30.600 ,0.000 ,0.000 
2022/8/8 23:00,30.200 ,0.000 ,0.000 
2022/8/9 0:00,29.400 ,0.000 ,0.000 
2022/8/9 1:00,28.900 ,0.000 ,0.000 
2022/8/9 2:00,29.000 ,0.000 ,0.000 
2022/8/9 3:00,28.300 ,0.000 ,0.000 
2022/8/9 4:00,28.200 ,0.000 ,0.000 
2022/8/9 5:00,27.800 ,0.000 ,0.000 
2022/8/9 6:00,27.900 ,0.000 ,0.000 
2022/8/9 7:00,29.300 ,0.086 ,0.000 
2022/8/9 8:00,30.500 ,0.437 ,0.000 
2022/8/9 9:00,32.000 ,0.378 ,0.288 
2022/8/9 10:00,33.500 ,0.375 ,0.263 
2022/8/9 11:00,33.100 ,0.369 ,0.254 
2022/8/9 12:00,33.600 ,0.367 ,0.264 
2022/8/9 13:00,33.400 ,0.366 ,0.299 
2022/8/9 14:00,33.700 ,0.362 ,0.296 
2022/8/9 15:00,35.500 ,0.340 ,0.300 
2022/8/9 16:00,34.000 ,0.110 ,0.312 
2022/8/9 17:00,33.500 ,0.095 ,0.282 
2022/8/9 18:00,32.100 ,0.076 ,0.300 
2022/8/9 19:00,31.700 ,0.037 ,0.240 
2022/8/9 20:00,31.800 ,0.023 ,0.081 
2022/8/9 21:00,31.500 ,0.000 ,0.000 
2022/8/9 22:00,30.900 ,0.000 ,0.000 
2022/8/9 23:00,30.800 ,0.000 ,0.000 
2022/8/10 0:00,30.500 ,0.000 ,0.000 
2022/8/10 1:00,29.400 ,0.000 ,0.000 
2022/8/10 2:00,29.400 ,0.000 ,0.000 
2022/8/10 3:00,28.600 ,0.000 ,0.000 
2022/8/10 4:00,28.400 ,0.000 ,0.000 
2022/8/10 5:00,28.600 ,0.000 ,0.000 
2022/8/10 6:00,28.200 ,0.000 ,0.000 
2022/8/10 7:00,29.200 ,0.030 ,0.000 
2022/8/10 8:00,30.800 ,0.459 ,0.000 
2022/8/10 9:00,31.500 ,0.361 ,0.244 
2022/8/10 10:00,32.700 ,0.360 ,0.271 
2022/8/10 11:00,33.300 ,0.371 ,0.266 
2022/8/10 12:00,33.500 ,0.376 ,0.273 
2022/8/10 13:00,33.700 ,0.382 ,0.293 
2022/8/10 14:00,33.300 ,0.391 ,0.306 
2022/8/10 15:00,32.600 ,0.292 ,0.320 
2022/8/10 16:00,31.700 ,0.106 ,0.322 
2022/8/10 17:00,31.900 ,0.097 ,0.298 
2022/8/10 18:00,31.700 ,0.086 ,0.287 
2022/8/10 19:00,31.400 ,0.039 ,0.219 
2022/8/10 20:00,30.800 ,0.007 ,0.045 
2022/8/10 21:00,30.300 ,0.000 ,0.000 
2022/8/10 22:00,30.400 ,0.000 ,0.000 
2022/8/10 23:00,29.900 ,0.000 ,0.000 
2022/8/11 0:00,29.300 ,0.000 ,0.000 
2022/8/11 1:00,29.400 ,0.000 ,0.000 
2022/8/11 2:00,29.300 ,0.000 ,0.000 
2022/8/11 3:00,28.900 ,0.000 ,0.000 
2022/8/11 4:00,28.900 ,0.000 ,0.000 
2022/8/11 5:00,28.600 ,0.000 ,0.000 
2022/8/11 6:00,28.400 ,0.000 ,0.000 
2022/8/11 7:00,29.600 ,0.000 ,0.000 
2022/8/11 8:00,30.600 ,0.000 ,0.000 
2022/8/11 9:00,32.700 ,0.000 ,0.000 
2022/8/11 10:00,33.300 ,0.000 ,0.000 
2022/8/11 11:00,33.500 ,0.000 ,0.000 
2022/8/11 12:00,33.800 ,0.000 ,0.000 
2022/8/11 13:00,33.600 ,0.000 ,0.000 
2022/8/11 14:00,33.500 ,0.000 ,0.000 
2022/8/11 15:00,33.900 ,0.000 ,0.000 
2022/8/11 16:00,34.000 ,0.000 ,0.000 
2022/8/11 17:00,33.900 ,0.000 ,0.000 
2022/8/11 18:00,33.100 ,0.000 ,0.000 
2022/8/11 19:00,32.400 ,0.000 ,0.000 
2022/8/11 20:00,32.000 ,0.000 ,0.000 
2022/8/11 21:00,31.700 ,0.000 ,0.000 
2022/8/11 22:00,31.000 ,0.000 ,0.000 
2022/8/11 23:00,30.700 ,0.000 ,0.000 
2022/8/12 0:00,30.700 ,0.000 ,0.000 
2022/8/12 1:00,30.600 ,0.000 ,0.000 
2022/8/12 2:00,30.600 ,0.000 ,0.000 
2022/8/12 3:00,30.400 ,0.000 ,0.000 
2022/8/12 4:00,27.200 ,0.000 ,0.000 
2022/8/12 5:00,27.500 ,0.000 ,0.000 
2022/8/12 6:00,27.600 ,0.000 ,0.000 
2022/8/12 7:00,28.100 ,0.000 ,0.000 
2022/8/12 8:00,28.900 ,0.000 ,0.000 
2022/8/12 9:00,28.800 ,0.000 ,0.000 
2022/8/12 10:00,29.700 ,0.000 ,0.000 
2022/8/12 11:00,30.200 ,0.000 ,0.000 
2022/8/12 12:00,30.600 ,0.000 ,0.000 
2022/8/12 13:00,30.600 ,0.000 ,0.000 
2022/8/12 14:00,30.100 ,0.000 ,0.000 
2022/8/12 15:00,30.900 ,0.000 ,0.000 
2022/8/12 16:00,30.800 ,0.000 ,0.000 
2022/8/12 17:00,30.300 ,0.000 ,0.000 
2022/8/12 18:00,30.700 ,0.000 ,0.000 
2022/8/12 19:00,30.200 ,0.000 ,0.000 
2022/8/12 20:00,29.600 ,0.000 ,0.000 
2022/8/12 21:00,29.000 ,0.000 ,0.000 
2022/8/12 22:00,28.700 ,0.000 ,0.000 
2022/8/12 23:00,28.800 ,0.000 ,0.000 
2022/8/13 0:00,28.800 ,0.000 ,0.000 
