date_time,temp,B1F,Heat1F,Heat2F,Heat3F,Heat4F,Heat5F,Heat6F,Heat7F,Heat8F,Heatsum
2022/6/18 0:00,23.8,0,0,0,0,0,0,0,0,0,0
2022/6/18 1:00,23.8,0,0,0,0,0,0,0,0,0,0
2022/6/18 2:00,24.1,0,0,0,0,0,0,0,0,0,0
2022/6/18 3:00,24.1,0,0,0,0,0,0,0,0,0,0
2022/6/18 4:00,23.9,0,0,0,0,0,0,0,0,0,0
2022/6/18 5:00,23.5,0,0,0,0,0,0,0,0,0,0
2022/6/18 6:00,23.9,0,0,0,0,0,0,0,0,0,0
2022/6/18 7:00,24.9,0,0,0,0,0,0,0,0,0,0
2022/6/18 8:00,25.3,0,0,0,0,0,0,0,0,0,0
2022/6/18 9:00,27,0,0.019,0.05,0.111,0.039,0.085,0.124,0.213,0.073,0.764
2022/6/18 10:00,27.9,0,0,0.047,0.036,0.028,0.052,0.084,0.129,0.04,0.448
2022/6/18 11:00,29.1,0,0.001,0.063,0.059,0,0.056,0.119,0.172,0.057,0.579
2022/6/18 12:00,28.6,0,0,0.068,0.054,0,0.067,0.117,0.15,0.038,0.542
2022/6/18 13:00,29.4,0,0,0.038,0.016,0,0.033,0.075,0.092,0.021,0.302
2022/6/18 14:00,30,0,0.006,0.067,0.038,0,0.054,0.111,0.16,0.048,0.543
2022/6/18 15:00,29.2,0,0,0.064,0.025,0,0.027,0.089,0.117,0.045,0.401
2022/6/18 16:00,28.8,0,0.007,0.064,0.027,0,0.044,0.109,0.133,0.067,0.5
2022/6/18 17:00,26.9,0,0,0.091,0.029,0,0.019,0.11,0.143,0.046,0.507
2022/6/18 18:00,27,0,0,0.011,0.001,0,0,0.018,0.026,0.005,0.06
2022/6/18 19:00,26.1,0,0,0,0,0,0,0,0,0,0
2022/6/18 20:00,25.8,0,0,0,0,0,0,0,0,0,0
2022/6/18 21:00,25.5,0,0,0,0,0,0,0,0,0,0
2022/6/18 22:00,25,0,0,0,0,0,0,0,0,0,0
2022/6/18 23:00,24.9,0,0,0,0,0,0,0,0,0,0
2022/6/19 0:00,25.1,0,0,0,0,0,0,0,0,0,0
2022/6/19 1:00,25,0,0,0,0,0,0,0,0,0,0
2022/6/19 2:00,24.7,0,0,0,0,0,0,0,0,0,0
2022/6/19 3:00,24.6,0,0,0,0,0,0,0,0,0,0
2022/6/19 4:00,23.9,0,0,0,0,0,0,0,0,0,0
2022/6/19 5:00,23.9,0,0,0,0,0,0,0,0,0,0
2022/6/19 6:00,24.1,0,0,0,0,0,0,0,0,0,0
2022/6/19 7:00,25,0,0,0,0,0,0,0,0,0,0
2022/6/19 8:00,26.1,0,0.007,0.006,0.105,0.059,0.026,0.075,0.103,0.052,0.459
2022/6/19 9:00,27.1,0,0.015,0,0.222,0.031,0.052,0.117,0.194,0.046,0.666
2022/6/19 10:00,28.9,0,0,0,0.188,0.038,0.026,0.092,0.141,0.031,0.495
2022/6/19 11:00,29.4,0,0,0,0.193,0.043,0.026,0.091,0.131,0.028,0.493
2022/6/19 12:00,30,0,0,0,0.2,0.047,0.032,0.085,0.128,0.026,0.502
2022/6/19 13:00,28.9,0,0,0,0.219,0.034,0.028,0.096,0.129,0.023,0.523
2022/6/19 14:00,27.7,0,0,0,0.201,0.061,0.03,0.103,0.116,0.022,0.512
2022/6/19 15:00,27.1,0,0,0,0.217,0.058,0.029,0.104,0.119,0.029,0.542
2022/6/19 16:00,27.5,0,0,0,0.022,0.005,0.001,0.007,0.01,0.002,0.033
2022/6/19 17:00,26,0,0,0,0,0,0,0,0,0,0
2022/6/19 18:00,25.8,0,0,0,0,0,0,0,0,0,0
2022/6/19 19:00,25.5,0,0,0,0,0,0,0,0,0,0
2022/6/19 20:00,24.9,0,0,0,0,0,0,0,0,0,0
2022/6/19 21:00,24.8,0,0,0,0,0,0,0,0,0,0
2022/6/19 22:00,24.8,0,0,0,0,0,0,0,0,0,0
2022/6/19 23:00,25.5,0,0,0,0,0,0,0,0,0,0
2022/6/20 0:00,24.9,0,0,0,0,0,0,0,0,0,0
2022/6/20 1:00,24.8,0,0,0,0,0,0,0,0,0,0
2022/6/20 2:00,24.6,0,0,0,0,0,0,0,0,0,0
2022/6/20 3:00,24.4,0,0,0,0,0,0,0,0,0,0
2022/6/20 4:00,24.2,0,0,0,0,0,0,0,0,0,0
2022/6/20 5:00,24.3,0,0,0,0,0,0,0,0,0,0
2022/6/20 6:00,24.5,0,0,0,0,0,0,0,0,0,0
2022/6/20 7:00,24.7,0,0,0,0,0,0,0,0,0,0
2022/6/20 8:00,25.2,0,0.072,0,0.041,0.006,0.01,0.022,0.042,0.018,0.203
2022/6/20 9:00,26.2,0,0.356,0.18,0.409,0.095,0.141,0.139,0.222,0.106,1.692
2022/6/20 10:00,26.8,0,0.338,0.208,0.355,0.227,0.202,0.141,0.223,0.157,1.858
2022/6/20 11:00,26.9,0,0.336,0.213,0.323,0.193,0.277,0.123,0.244,0.172,1.875
2022/6/20 12:00,28,0,0.338,0.189,0.333,0.166,0.306,0.123,0.228,0.151,1.832
2022/6/20 13:00,27.6,0,0.375,0.208,0.288,0.146,0.302,0.119,0.245,0.17,1.863
2022/6/20 14:00,26.9,0,0.363,0.227,0.287,0.192,0.306,0.147,0.226,0.168,1.921
2022/6/20 15:00,26.5,0,0.287,0.213,0.222,0.134,0.277,0.122,0.186,0.13,1.56
2022/6/20 16:00,26.6,0,0.13,0.13,0.125,0.131,0.184,0.07,0.126,0.073,0.96
2022/6/20 17:00,26.4,0,0.096,0.202,0.19,0.149,0.29,0.109,0.246,0.162,1.498
2022/6/20 18:00,26.4,0,0.037,0.155,0.146,0.083,0.136,0.086,0.158,0.097,0.918
2022/6/20 19:00,25.5,0,0.026,0.149,0.117,0.009,0.022,0.072,0.147,0.093,0.704
2022/6/20 20:00,25.8,0,0.003,0.06,0.044,0.008,0.012,0.032,0.04,0.032,0.249
2022/6/20 21:00,26,0,0,0,0,0,0,0,0,0,0
2022/6/20 22:00,25.8,0,0,0,0,0,0,0,0,0,0
2022/6/20 23:00,25.7,0,0,0,0,0,0,0,0,0,0
2022/6/21 0:00,25.8,0,0,0,0,0,0,0,0,0,0
2022/6/21 1:00,24.6,0,0,0,0,0,0,0,0,0,0
2022/6/21 2:00,23.9,0,0,0,0,0,0,0,0,0,0
2022/6/21 3:00,23.5,0,0,0,0,0,0,0,0,0,0
2022/6/21 4:00,23.5,0,0,0,0,0,0,0,0,0,0
2022/6/21 5:00,23.1,0,0,0,0,0,0,0,0,0,0
2022/6/21 6:00,22.8,0,0,0,0,0,0,0,0,0,0
2022/6/21 7:00,22.8,0,0,0,0,0,0,0,0,0,0
2022/6/21 8:00,23.3,0,0.016,0,0.005,0,0.001,0.005,0.01,0.007,0.049
2022/6/21 9:00,24.5,0,0.383,0.175,0.384,0.069,0.125,0.12,0.207,0.106,1.625
2022/6/21 10:00,25.4,0,0.403,0.224,0.39,0.116,0.166,0.114,0.203,0.145,1.802
2022/6/21 11:00,28,0,0.385,0.213,0.338,0.165,0.29,0.125,0.227,0.24,1.973
2022/6/21 12:00,27.1,0,0.374,0.22,0.322,0.177,0.292,0.16,0.243,0.222,1.991
2022/6/21 13:00,28.7,0,0.38,0.218,0.302,0.226,0.339,0.136,0.268,0.23,2.076
2022/6/21 14:00,28.8,0,0.36,0.217,0.309,0.247,0.365,0.148,0.263,0.24,2.124
2022/6/21 15:00,25.9,0,0.363,0.219,0.311,0.226,0.363,0.161,0.244,0.243,2.114
2022/6/21 16:00,25.2,0,0.215,0.248,0.272,0.15,0.361,0.186,0.251,0.229,1.957
2022/6/21 17:00,24.8,0,0.051,0.163,0.121,0.05,0.234,0.082,0.123,0.164,0.985
2022/6/21 18:00,24.6,0,0.044,0.174,0.126,0.014,0.12,0.085,0.142,0.131,0.907
2022/6/21 19:00,24.8,0,0.029,0.166,0.043,0.018,0.043,0.091,0.108,0.1,0.686
2022/6/21 20:00,24.7,0,0.011,0.049,0.006,0.002,0.011,0.03,0.044,0.039,0.218
2022/6/21 21:00,25.1,0,0,0,0,0,0,0,0,0,0
2022/6/21 22:00,25.1,0,0,0,0,0,0,0,0,0,0
2022/6/21 23:00,24.7,0,0,0,0,0,0,0,0,0,0
2022/6/22 0:00,24.5,0,0,0,0,0,0,0,0,0,0
2022/6/22 1:00,24.7,0,0,0,0,0,0,0,0,0,0
2022/6/22 2:00,24.7,0,0,0,0,0,0,0,0,0,0
2022/6/22 3:00,24.6,0,0,0,0,0,0,0,0,0,0
2022/6/22 4:00,23.7,0,0,0,0,0,0,0,0,0,0
2022/6/22 5:00,24,0,0,0,0,0,0,0,0,0,0
2022/6/22 6:00,23.8,0,0,0,0,0,0,0,0,0,0
2022/6/22 7:00,24.3,0,0,0,0,0,0,0,0,0,0
2022/6/22 8:00,25.4,0,0.123,0.002,0.041,0.009,0.016,0.03,0.053,0.058,0.346
2022/6/22 9:00,25.9,0,0.344,0.161,0.337,0.078,0.168,0.108,0.195,0.171,1.585
2022/6/22 10:00,26.4,0,0.358,0.191,0.366,0.125,0.248,0.129,0.218,0.282,1.917
2022/6/22 11:00,26.4,0,0.37,0.189,0.34,0.158,0.299,0.157,0.286,0.259,2.039
2022/6/22 12:00,27.1,0,0.34,0.197,0.303,0.23,0.304,0.161,0.272,0.235,1.997
2022/6/22 13:00,26.9,0,0.408,0.206,0.29,0.239,0.334,0.123,0.298,0.189,2.089
2022/6/22 14:00,28.9,0,0.412,0.216,0.331,0.22,0.313,0.111,0.281,0.183,2.085
2022/6/22 15:00,26.7,0,0.396,0.22,0.296,0.181,0.34,0.116,0.273,0.198,2.028
2022/6/22 16:00,26.6,0,0.371,0.217,0.183,0.187,0.346,0.108,0.243,0.177,1.862
2022/6/22 17:00,26.9,0,0.112,0.14,0.139,0.082,0.212,0.064,0.143,0.091,0.974
2022/6/22 18:00,27.6,0,0.043,0.144,0.155,0.069,0.08,0.077,0.2,0.099,0.907
2022/6/22 19:00,27.5,0,0.029,0.122,0.133,0.037,0.049,0.077,0.183,0.083,0.761
2022/6/22 20:00,26.7,0,0,0.042,0.028,0.002,0.013,0.027,0.063,0.034,0.236
2022/6/22 21:00,26.7,0,0,0,0,0,0,0,0,0,0
2022/6/22 22:00,26.4,0,0,0,0,0,0,0,0,0,0
2022/6/22 23:00,26.4,0,0,0,0,0,0,0,0,0,0
2022/6/23 0:00,26.6,0,0,0,0,0,0,0,0,0,0
2022/6/23 1:00,27.5,0,0,0,0,0,0,0,0,0,0
2022/6/23 2:00,27.1,0,0,0,0,0,0,0,0,0,0
2022/6/23 3:00,27.3,0,0,0,0,0,0,0,0,0,0
2022/6/23 4:00,26.6,0,0,0,0,0,0,0,0,0,0
2022/6/23 5:00,27.2,0,0,0,0,0,0,0,0,0,0
2022/6/23 6:00,28.2,0,0,0,0,0,0,0,0,0,0
2022/6/23 7:00,28.4,0,0,0,0,0,0,0,0,0,0
2022/6/23 8:00,29.1,0,0.107,0.001,0.074,0.005,0.029,0.032,0.09,0.029,0.387
2022/6/23 9:00,29.5,0,0.382,0.152,0.296,0.04,0.192,0.103,0.276,0.166,1.635
2022/6/23 10:00,30.6,0,0.367,0.203,0.359,0.147,0.318,0.139,0.251,0.25,2.034
2022/6/23 11:00,31.2,0,0.382,0.207,0.336,0.191,0.356,0.158,0.242,0.257,2.116
2022/6/23 12:00,31.7,0,0.388,0.207,0.362,0.21,0.354,0.156,0.286,0.255,2.195
2022/6/23 13:00,32.3,0,0.406,0.202,0.343,0.224,0.348,0.146,0.276,0.303,2.213
2022/6/23 14:00,31.7,0,0.391,0.197,0.39,0.242,0.35,0.148,0.294,0.297,2.248
2022/6/23 15:00,32.1,0,0.377,0.2,0.385,0.166,0.354,0.172,0.296,0.293,2.24
2022/6/23 16:00,31.6,0,0.286,0.209,0.377,0.114,0.376,0.184,0.308,0.288,2.135
2022/6/23 17:00,31.6,0,0.094,0.19,0.269,0.093,0.341,0.137,0.249,0.202,1.565
2022/6/23 18:00,30.5,0,0.048,0.152,0.231,0.059,0.15,0.114,0.156,0.146,1.052
2022/6/23 19:00,30,0,0.026,0.154,0.143,0.005,0.082,0.083,0.147,0.112,0.814
2022/6/23 20:00,29.7,0,0.009,0.061,0.022,0.001,0.031,0.037,0.054,0.049,0.284
2022/6/23 21:00,29.8,0,0,0,0,0,0,0,0,0,0
2022/6/23 22:00,29.5,0,0,0,0,0,0,0,0,0,0
2022/6/23 23:00,29.4,0,0,0,0,0,0,0,0,0,0
2022/6/24 0:00,29.3,0,0,0,0,0,0,0,0,0,0
2022/6/24 1:00,29.3,0,0,0,0,0,0,0,0,0,0
2022/6/24 2:00,29.2,0,0,0,0,0,0,0,0,0,0
2022/6/24 3:00,29.2,0,0,0,0,0,0,0,0,0,0
2022/6/24 4:00,29.3,0,0,0,0,0,0,0,0,0,0
2022/6/24 5:00,29.2,0,0,0,0,0,0,0,0,0,0
2022/6/24 6:00,29.2,0,0,0,0,0,0,0,0,0,0
2022/6/24 7:00,29.1,0,0,0,0,0,0,0,0,0,0
2022/6/24 8:00,29.2,0,0.124,0.002,0.068,0.003,0.038,0.041,0.067,0.045,0.408
2022/6/24 9:00,29.6,0,0.351,0.137,0.307,0.104,0.232,0.113,0.25,0.185,1.675
2022/6/24 10:00,30.1,0,0.376,0.217,0.377,0.17,0.344,0.109,0.261,0.279,2.186
2022/6/24 11:00,31.5,0,0.4,0.22,0.359,0.219,0.383,0.114,0.303,0.275,2.323
2022/6/24 12:00,30.8,0,0.399,0.214,0.358,0.251,0.387,0.118,0.269,0.284,2.322
2022/6/24 13:00,31.9,0,0.424,0.213,0.367,0.249,0.394,0.115,0.274,0.253,2.321
2022/6/24 14:00,30,0,0.412,0.237,0.37,0.32,0.381,0.133,0.264,0.248,2.401
2022/6/24 15:00,29.1,0,0.409,0.252,0.338,0.298,0.383,0.112,0.23,0.221,2.307
2022/6/24 16:00,29.4,0,0.375,0.245,0.324,0.267,0.375,0.105,0.227,0.202,2.173
2022/6/24 17:00,29.2,0,0.267,0.228,0.289,0.133,0.341,0.105,0.228,0.119,1.78
2022/6/24 18:00,28.3,0,0.22,0.184,0.217,0.029,0.122,0.082,0.16,0.082,1.167
2022/6/24 19:00,28.6,0,0.193,0.165,0.146,0.03,0.072,0.081,0.151,0.065,0.994
2022/6/24 20:00,28,0,0.091,0.051,0.054,0.007,0.025,0.04,0.049,0.029,0.365
2022/6/24 21:00,27.3,0,0,0,0,0,0,0,0,0,0
2022/6/24 22:00,27.8,0,0,0,0,0,0,0,0,0,0
2022/6/24 23:00,27.3,0,0,0,0,0,0,0,0,0,0
2022/6/25 0:00,27.2,0,0,0,0,0,0,0,0,0,0
2022/6/25 1:00,27.3,0,0,0,0,0,0,0,0,0,0
2022/6/25 2:00,27.3,0,0,0,0,0,0,0,0,0,0
2022/6/25 3:00,27.3,0,0,0,0,0,0,0,0,0,0
2022/6/25 4:00,27.6,0,0,0,0,0,0,0,0,0,0
2022/6/25 5:00,27.7,0,0,0,0,0,0,0,0,0,0
2022/6/25 6:00,27.2,0,0,0,0,0,0,0,0,0,0
2022/6/25 7:00,27.6,0,0,0,0,0,0,0,0,0,0
2022/6/25 8:00,27,0,0,0,0.002,0,0.002,0.003,0.009,0.004,0.01
2022/6/25 9:00,27.4,0,0.029,0.127,0.159,0.128,0.193,0.132,0.297,0.097,1.276
2022/6/25 10:00,22.7,0,0.011,0.162,0.08,0.082,0.112,0.071,0.125,0.055,0.773
2022/6/25 11:00,24.4,0,0.024,0.109,0.079,0.081,0.075,0.065,0.119,0.073,0.693
2022/6/25 12:00,23.4,0,0.013,0.099,0.054,0.069,0.062,0.065,0.116,0.111,0.659
2022/6/25 13:00,24.5,0,0,0.1,0.054,0.032,0.08,0.071,0.131,0.115,0.67
2022/6/25 14:00,24.5,0,0,0.104,0.038,0.011,0.101,0.072,0.133,0.11,0.645
2022/6/25 15:00,24.7,0,0,0.1,0.052,0.009,0.079,0.069,0.128,0.127,0.649
2022/6/25 16:00,23.9,0,0,0.073,0.049,0.018,0.035,0.078,0.136,0.146,0.616
2022/6/25 17:00,24.2,0,0,0.028,0.023,0.006,0.011,0.048,0.078,0.081,0.312
2022/6/25 18:00,24.5,0,0,0.033,0.026,0.008,0.013,0.037,0.061,0.061,0.271
2022/6/25 19:00,24,0,0,0,0,0,0,0,0,0,0
2022/6/25 20:00,25.5,0,0,0,0,0,0,0,0,0,0
2022/6/25 21:00,25.8,0,0,0,0,0,0,0,0,0,0
2022/6/25 22:00,25.7,0,0,0,0,0,0,0,0,0,0
2022/6/25 23:00,25.1,0,0,0,0,0,0,0,0,0,0
2022/6/26 0:00,24.3,0,0,0,0,0,0,0,0,0,0
2022/6/26 1:00,24.5,0,0,0,0,0,0,0,0,0,0
2022/6/26 2:00,23.8,0,0,0,0,0,0,0,0,0,0
2022/6/26 3:00,24.3,0,0,0,0,0,0,0,0,0,0
2022/6/26 4:00,24.8,0,0,0,0,0,0,0,0,0,0
2022/6/26 5:00,24.7,0,0,0,0,0,0,0,0,0,0
2022/6/26 6:00,25.5,0,0,0,0,0,0,0,0,0,0
2022/6/26 7:00,25.3,0,0,0,0,0,0,0,0,0,0
2022/6/26 8:00,26.9,0,0,0,0,0,0,0,0,0,0
2022/6/26 9:00,28.9,0,0,0,0,0,0,0,0,0,0
2022/6/26 10:00,29.4,0,0,0,0,0,0,0,0,0,0
2022/6/26 11:00,30,0,0,0,0,0,0,0,0,0,0
2022/6/26 12:00,30.4,0,0,0,0,0,0,0,0,0,0
2022/6/26 13:00,30.9,0,0,0,0,0,0,0,0,0,0
2022/6/26 14:00,32,0,0,0,0,0,0,0,0,0,0
2022/6/26 15:00,31.6,0,0,0,0,0,0,0,0,0,0
2022/6/26 16:00,32.3,0,0,0,0,0,0,0,0,0,0
2022/6/26 17:00,31.8,0,0,0,0,0,0,0,0,0,0
2022/6/26 18:00,29.8,0,0,0,0,0,0,0,0,0,0
2022/6/26 19:00,29.9,0,0,0,0,0,0,0,0,0,0
2022/6/26 20:00,28.9,0,0,0,0,0,0,0,0,0,0
2022/6/26 21:00,29.3,0,0,0,0,0,0,0,0,0,0
2022/6/26 22:00,28.5,0,0,0,0,0,0,0,0,0,0
2022/6/26 23:00,28.3,0,0,0,0,0,0,0,0,0,0
2022/6/27 0:00,28.1,0,0,0,0,0,0,0,0,0,0
2022/6/27 1:00,27.9,0,0,0,0,0,0,0,0,0,0
2022/6/27 2:00,27.5,0,0,0,0,0,0,0,0,0,0
2022/6/27 3:00,28,0,0,0,0,0,0,0,0,0,0
2022/6/27 4:00,27.9,0,0,0,0,0,0,0,0,0,0
2022/6/27 5:00,27.4,0,0,0,0,0,0,0,0,0,0
2022/6/27 6:00,27.6,0,0,0,0,0,0,0,0,0,0
2022/6/27 7:00,28.1,0,0.01,0,0.007,0,0.007,0.013,0.032,0.01,0.101
2022/6/27 8:00,29.1,0,0.342,0.004,0.3,0.032,0.236,0.153,0.308,0.143,1.587
2022/6/27 9:00,29.3,0,0.224,0.127,0.221,0.072,0.196,0.065,0.15,0.103,1.15
2022/6/27 10:00,30,0,0.372,0.263,0.391,0.334,0.317,0.126,0.263,0.224,2.363
2022/6/27 11:00,30.8,0,0.379,0.27,0.382,0.27,0.338,0.099,0.294,0.235,2.308
2022/6/27 12:00,32.5,0,0.396,0.265,0.38,0.3,0.357,0.131,0.286,0.218,2.374
2022/6/27 13:00,32.6,0,0.424,0.266,0.378,0.214,0.404,0.179,0.306,0.188,2.399
2022/6/27 14:00,32.7,0,0.405,0.261,0.387,0.31,0.371,0.182,0.308,0.194,2.437
2022/6/27 15:00,33,0,0.401,0.266,0.376,0.279,0.391,0.165,0.318,0.181,2.423
2022/6/27 16:00,33.2,0,0.254,0.272,0.38,0.288,0.418,0.177,0.318,0.16,2.321
2022/6/27 17:00,32.8,0,0.1,0.282,0.349,0.266,0.439,0.165,0.342,0.152,2.138
2022/6/27 18:00,32.3,0,0.07,0.27,0.305,0.195,0.263,0.14,0.311,0.149,1.806
2022/6/27 19:00,31.6,0,0.039,0.266,0.194,0.044,0.105,0.135,0.241,0.119,1.248
2022/6/27 20:00,30.4,0,0.012,0.126,0.079,0.009,0.035,0.058,0.077,0.044,0.454
2022/6/27 21:00,30,0,0,0,0,0,0,0,0,0,0
2022/6/27 22:00,29.5,0,0,0,0,0,0,0,0,0,0
2022/6/27 23:00,29.1,0,0,0,0,0,0,0,0,0,0
2022/6/28 0:00,29.5,0,0,0,0,0,0,0,0,0,0
2022/6/28 1:00,28.8,0,0,0,0,0,0,0,0,0,0
2022/6/28 2:00,29.3,0,0,0,0,0,0,0,0,0,0
2022/6/28 3:00,28.9,0,0,0,0,0,0,0,0,0,0
2022/6/28 4:00,28.5,0,0,0,0,0,0,0,0,0,0
2022/6/28 5:00,28.6,0,0,0,0,0,0,0,0,0,0
2022/6/28 6:00,28.5,0,0,0,0,0,0,0,0,0,0
2022/6/28 7:00,28.5,0,0,0,0,0,0,0,0,0,0
2022/6/28 8:00,29.3,0,0.399,0,0.313,0.022,0.103,0.163,0.275,0.106,1.436
2022/6/28 9:00,30.4,0,0.422,0.178,0.365,0.069,0.174,0.149,0.262,0.216,1.856
2022/6/28 10:00,31.4,0,0.406,0.26,0.435,0.163,0.309,0.144,0.271,0.26,2.3
2022/6/28 11:00,32.1,0,0.393,0.238,0.394,0.243,0.384,0.133,0.268,0.249,2.316
2022/6/28 12:00,32.3,0,0.404,0.237,0.395,0.255,0.439,0.139,0.274,0.195,2.356
2022/6/28 13:00,32.8,0,0.418,0.226,0.37,0.264,0.434,0.142,0.31,0.214,2.39
2022/6/28 14:00,33.4,0,0.394,0.228,0.339,0.387,0.403,0.158,0.306,0.238,2.441
2022/6/28 15:00,33.3,0,0.385,0.232,0.358,0.316,0.404,0.168,0.316,0.244,2.427
2022/6/28 16:00,32.9,0,0.369,0.239,0.403,0.256,0.394,0.176,0.307,0.209,2.368
2022/6/28 17:00,32.7,0,0.178,0.271,0.282,0.199,0.435,0.177,0.325,0.218,2.164
2022/6/28 18:00,31.7,0,0.073,0.258,0.268,0.137,0.222,0.192,0.313,0.204,1.73
2022/6/28 19:00,30.5,0,0.037,0.236,0.23,0.091,0.102,0.152,0.234,0.146,1.315
2022/6/28 20:00,29.8,0,0.019,0.075,0.083,0.025,0.031,0.071,0.073,0.062,0.447
2022/6/28 21:00,29.4,0,0,0,0,0,0,0,0,0,0
2022/6/28 22:00,29.2,0,0,0,0,0,0,0,0,0,0
2022/6/28 23:00,29.2,0,0,0,0,0,0,0,0,0,0
2022/6/29 0:00,29.2,0,0,0,0,0,0,0,0,0,0
2022/6/29 1:00,28.6,0,0,0,0,0,0,0,0,0,0
2022/6/29 2:00,28.7,0,0,0,0,0,0,0,0,0,0
2022/6/29 3:00,28.6,0,0,0,0,0,0,0,0,0,0
2022/6/29 4:00,28.3,0,0,0,0,0,0,0,0,0,0
2022/6/29 5:00,27.8,0,0,0,0,0,0,0,0,0,0
2022/6/29 6:00,27.9,0,0,0,0,0,0,0,0,0,0
2022/6/29 7:00,28.5,0,0.02,0,0.007,0.014,0.014,0.031,0.047,0.011,0.156
2022/6/29 8:00,29.1,0,0.476,0,0.382,0.103,0.123,0.204,0.329,0.092,1.744
2022/6/29 9:00,30.4,0,0.399,0.174,0.365,0.065,0.281,0.14,0.238,0.155,1.822
2022/6/29 10:00,31.6,0,0.378,0.237,0.423,0.142,0.343,0.135,0.282,0.38,2.35
2022/6/29 11:00,32.4,0,0.383,0.23,0.395,0.224,0.37,0.15,0.297,0.319,2.361
2022/6/29 12:00,33.1,0,0.384,0.222,0.344,0.269,0.401,0.148,0.31,0.308,2.397
2022/6/29 13:00,33.4,0,0.403,0.221,0.306,0.351,0.415,0.153,0.305,0.261,2.424
2022/6/29 14:00,34.1,0,0.389,0.227,0.372,0.312,0.402,0.155,0.288,0.272,2.423
2022/6/29 15:00,33.9,0,0.383,0.231,0.37,0.283,0.411,0.167,0.29,0.231,2.376
2022/6/29 16:00,33.4,0,0.389,0.23,0.309,0.222,0.392,0.172,0.293,0.224,2.259
2022/6/29 17:00,33.5,0,0.144,0.258,0.314,0.253,0.392,0.167,0.315,0.199,2.094
2022/6/29 18:00,32.6,0,0.07,0.248,0.304,0.134,0.16,0.169,0.305,0.161,1.601
2022/6/29 19:00,31.8,0,0.052,0.199,0.276,0.091,0.094,0.159,0.273,0.144,1.335
2022/6/29 20:00,30.9,0,0.012,0.067,0.098,0.017,0.039,0.069,0.096,0.053,0.442
2022/6/29 21:00,30.3,0,0,0,0,0,0,0,0,0,0
2022/6/29 22:00,29.7,0,0,0,0,0,0,0,0,0,0
2022/6/29 23:00,29.7,0,0,0,0,0,0,0,0,0,0
2022/6/30 0:00,28.8,0,0,0,0,0,0,0,0,0,0
2022/6/30 1:00,28.7,0,0,0,0,0,0,0,0,0,0
2022/6/30 2:00,28.5,0,0,0,0,0,0,0,0,0,0
2022/6/30 3:00,28.2,0,0,0,0,0,0,0,0,0,0
2022/6/30 4:00,27.5,0,0,0,0,0,0,0,0,0,0
2022/6/30 5:00,27.9,0,0,0,0,0,0,0,0,0,0
2022/6/30 6:00,27.2,0,0,0,0,0,0,0,0,0,0
2022/6/30 7:00,28.2,0,0.074,0.003,0.075,0.02,0.03,0.061,0.106,0.041,0.433
2022/6/30 8:00,29.1,0,0.361,0.008,0.364,0.06,0.072,0.156,0.295,0.106,1.437
2022/6/30 9:00,30.4,0,0.277,0.181,0.347,0.069,0.188,0.144,0.197,0.157,1.581
2022/6/30 10:00,32.4,0,0.389,0.233,0.405,0.135,0.285,0.153,0.226,0.289,2.141
2022/6/30 11:00,33.1,0,0.402,0.227,0.36,0.239,0.3,0.147,0.265,0.294,2.245
2022/6/30 12:00,33.7,0,0.381,0.232,0.39,0.244,0.334,0.146,0.274,0.28,2.278
2022/6/30 13:00,34.6,0,0.41,0.247,0.372,0.206,0.352,0.144,0.293,0.278,2.312
2022/6/30 14:00,33.9,0,0.392,0.255,0.387,0.243,0.357,0.144,0.268,0.291,2.347
2022/6/30 15:00,31.7,0,0.4,0.262,0.416,0.207,0.345,0.14,0.288,0.29,2.359
2022/6/30 16:00,31.2,0,0.388,0.269,0.426,0.254,0.345,0.14,0.321,0.211,2.364
2022/6/30 17:00,30.7,0,0.373,0.287,0.316,0.256,0.326,0.154,0.315,0.215,2.294
2022/6/30 18:00,29.8,0,0.123,0.301,0.306,0.126,0.194,0.163,0.255,0.183,1.74
2022/6/30 19:00,29.5,0,0.043,0.25,0.192,0.046,0.095,0.119,0.22,0.081,1.14
2022/6/30 20:00,28.9,0,0.014,0.117,0.037,0.019,0.025,0.055,0.08,0.033,0.405
2022/6/30 21:00,28.5,0,0,0.001,0,0,0,0.001,0,0,0
2022/6/30 22:00,28.8,0,0,0,0,0,0,0,0,0,0
2022/6/30 23:00,28.2,0,0,0,0,0,0,0,0,0,0
2022/7/1 0:00,28,0,0,0,0,0,0,0,0,0,0
2022/7/1 1:00,27.8,0,0,0,0,0,0,0,0,0,0
2022/7/1 2:00,27.5,0,0,0,0,0,0,0,0,0,0
2022/7/1 3:00,26.7,0,0,0,0,0,0,0,0,0,0
2022/7/1 4:00,26.6,0,0,0,0,0,0,0,0,0,0
2022/7/1 5:00,26.8,0,0,0,0,0,0,0,0,0,0
2022/7/1 6:00,27.2,0,0,0,0,0,0,0,0,0,0
2022/7/1 7:00,27.9,0,0.096,0,0.042,0.01,0.031,0.065,0.11,0.029,0.409
2022/7/1 8:00,29.2,0,0.48,0,0.306,0.016,0.088,0.202,0.286,0.069,1.465
2022/7/1 9:00,31.1,0,0.419,0.178,0.365,0.09,0.21,0.145,0.213,0.145,1.766
2022/7/1 10:00,31.5,0,0.425,0.277,0.431,0.151,0.32,0.149,0.253,0.265,2.306
2022/7/1 11:00,32.2,0,0.422,0.252,0.401,0.186,0.362,0.149,0.275,0.261,2.301
2022/7/1 12:00,32.9,0,0.411,0.235,0.387,0.205,0.369,0.149,0.307,0.248,2.307
2022/7/1 13:00,33,0,0.426,0.228,0.363,0.265,0.375,0.128,0.324,0.23,2.321
2022/7/1 14:00,32.2,0,0.419,0.244,0.394,0.319,0.408,0.132,0.301,0.194,2.372
2022/7/1 15:00,32.7,0,0.408,0.261,0.379,0.328,0.411,0.14,0.295,0.194,2.432
2022/7/1 16:00,31.2,0,0.384,0.273,0.382,0.355,0.433,0.149,0.321,0.155,2.451
2022/7/1 17:00,31,0,0.166,0.302,0.337,0.183,0.484,0.176,0.355,0.176,2.245
2022/7/1 18:00,29.7,0,0.082,0.287,0.239,0.095,0.238,0.175,0.307,0.136,1.652
2022/7/1 19:00,28.7,0,0.054,0.249,0.167,0.071,0.11,0.159,0.268,0.08,1.242
2022/7/1 20:00,28,0,0.014,0.113,0.065,0.02,0.026,0.059,0.08,0.032,0.415
2022/7/1 21:00,27.4,0,0,0,0,0,0,0,0,0,0
2022/7/1 22:00,27.2,0,0,0,0,0,0,0,0,0,0
2022/7/1 23:00,27.4,0,0,0,0,0,0,0,0,0,0
2022/7/2 0:00,27.4,0,0,0,0,0,0,0,0,0,0
2022/7/2 1:00,27,0,0,0,0,0,0,0,0,0,0
2022/7/2 2:00,26.7,0,0,0,0,0,0,0,0,0,0
2022/7/2 3:00,26.9,0,0,0,0,0,0,0,0,0,0
2022/7/2 4:00,26.6,0,0,0,0,0,0,0,0,0,0
2022/7/2 5:00,26.3,0,0,0,0,0,0,0,0,0,0
2022/7/2 6:00,26.6,0,0,0,0,0,0,0,0,0,0
2022/7/2 7:00,27.6,0,0,0,0,0,0,0,0,0,0
2022/7/2 8:00,29.2,0,0.003,0,0.01,0.025,0.011,0.029,0.049,0.014,0.148
2022/7/2 9:00,30.8,0,0.067,0.079,0.164,0.199,0.095,0.214,0.323,0.097,1.305
2022/7/2 10:00,33,0,0.048,0.159,0.065,0.088,0.063,0.17,0.234,0.076,0.98
2022/7/2 11:00,34.1,0,0.031,0.119,0.071,0.06,0.042,0.117,0.181,0.051,0.709
2022/7/2 12:00,35,0,0.045,0.137,0.153,0.075,0.038,0.135,0.238,0.066,0.951
2022/7/2 13:00,34.1,0,0.029,0.091,0.066,0.037,0.022,0.1,0.19,0.059,0.634
2022/7/2 14:00,34.2,0,0.05,0.131,0.055,0.053,0.045,0.136,0.257,0.106,0.896
2022/7/2 15:00,34.7,0,0.028,0.115,0.035,0.036,0.024,0.102,0.203,0.076,0.652
2022/7/2 16:00,34.4,0,0.042,0.149,0.054,0.051,0.032,0.153,0.243,0.137,0.933
2022/7/2 17:00,33.3,0,0.048,0.137,0.05,0.052,0.029,0.146,0.234,0.134,0.881
2022/7/2 18:00,32.2,0,0.015,0.041,0.015,0.017,0.004,0.054,0.078,0.043,0.269
2022/7/2 19:00,30.6,0,0,0,0,0,0,0,0,0,0
2022/7/2 20:00,30,0,0,0,0,0,0,0,0,0,0
2022/7/2 21:00,29.8,0,0,0,0,0,0,0,0,0,0
2022/7/2 22:00,30.4,0,0,0,0,0,0,0,0,0,0
2022/7/2 23:00,29.7,0,0,0,0,0,0,0,0,0,0
2022/7/3 0:00,29.3,0,0,0,0,0,0,0,0,0,0
2022/7/3 1:00,29.3,0,0,0,0,0,0,0,0,0,0
2022/7/3 2:00,28.7,0,0,0,0,0,0,0,0,0,0
2022/7/3 3:00,28.5,0,0,0,0,0,0,0,0,0,0
2022/7/3 4:00,28.6,0,0,0,0,0,0,0,0,0,0
2022/7/3 5:00,28.4,0,0,0,0,0,0,0,0,0,0
2022/7/3 6:00,28.1,0,0,0,0,0,0,0,0,0,0
2022/7/3 7:00,28.6,0,0,0,0,0,0,0,0,0,0
2022/7/3 8:00,29,0,0.058,0.011,0.112,0.063,0.053,0.177,0.304,0.093,0.936
2022/7/3 9:00,30.3,0,0.041,0.003,0.084,0.137,0.023,0.124,0.204,0.062,0.671
2022/7/3 10:00,31.1,0,0.039,0,0.244,0.405,0.025,0.131,0.21,0.063,1.083
2022/7/3 11:00,32.6,0,0.033,0,0.294,0.449,0.022,0.118,0.208,0.062,1.137
2022/7/3 12:00,32.8,0,0.034,0,0.267,0.439,0.022,0.119,0.199,0.06,1.087
2022/7/3 13:00,33.1,0,0.033,0,0.244,0.434,0.022,0.112,0.194,0.061,1.053
2022/7/3 14:00,34,0,0.034,0,0.23,0.418,0.022,0.118,0.193,0.087,1.04
2022/7/3 15:00,33.1,0,0.033,0,0.232,0.398,0.022,0.113,0.201,0.097,1.058
2022/7/3 16:00,32.6,0,0.033,0,0.238,0.374,0.023,0.117,0.208,0.086,1.027
2022/7/3 17:00,32.5,0,0.034,0,0.244,0.309,0.011,0.117,0.186,0.09,0.951
2022/7/3 18:00,31.8,0,0.003,0,0.027,0.042,0.001,0.008,0.019,0.008,0.066
2022/7/3 19:00,30.4,0,0,0,0,0,0,0,0,0,0
2022/7/3 20:00,31.1,0,0,0,0,0,0,0,0,0,0
2022/7/3 21:00,30.8,0,0,0,0,0,0,0,0,0,0
2022/7/3 22:00,30.3,0,0,0,0,0,0,0,0,0,0
2022/7/3 23:00,30.1,0,0,0,0,0,0,0,0,0,0
2022/7/4 0:00,29.7,0,0,0,0,0,0,0,0,0,0
2022/7/4 1:00,29.4,0,0,0,0,0,0,0,0,0,0
2022/7/4 2:00,28.7,0,0,0,0,0,0,0,0,0,0
2022/7/4 3:00,25.9,0,0,0,0,0,0,0,0,0,0
2022/7/4 4:00,26.7,0,0,0,0,0,0,0,0,0,0
2022/7/4 5:00,26.8,0,0,0,0,0,0,0,0,0,0
2022/7/4 6:00,27.3,0,0,0,0,0,0,0,0,0,0
2022/7/4 7:00,27.9,0,0.145,0.01,0.088,0.045,0.055,0.13,0.213,0.068,0.793
2022/7/4 8:00,29.1,0,0.479,0.003,0.062,0.056,0.082,0.168,0.264,0.074,1.208
2022/7/4 9:00,29,0,0.408,0.168,0.141,0.187,0.175,0.132,0.213,0.132,1.553
2022/7/4 10:00,29.1,0,0.388,0.229,0.275,0.332,0.279,0.127,0.254,0.197,2.094
2022/7/4 11:00,30.2,0,0.418,0.233,0.356,0.317,0.4,0.118,0.269,0.188,2.293
2022/7/4 12:00,30.9,0,0.414,0.242,0.373,0.333,0.429,0.123,0.267,0.192,2.352
2022/7/4 13:00,31.1,0,0.443,0.238,0.41,0.293,0.427,0.156,0.294,0.184,2.417
2022/7/4 14:00,30,0,0.412,0.235,0.412,0.353,0.431,0.155,0.293,0.201,2.455
2022/7/4 15:00,31.4,0,0.399,0.243,0.424,0.286,0.443,0.16,0.287,0.196,2.415
2022/7/4 16:00,31,0,0.21,0.242,0.43,0.319,0.458,0.187,0.317,0.173,2.324
2022/7/4 17:00,25.9,0,0.124,0.258,0.431,0.187,0.466,0.189,0.312,0.169,2.149
2022/7/4 18:00,27.5,0,0.081,0.265,0.359,0.116,0.297,0.192,0.297,0.18,1.821
2022/7/4 19:00,28.6,0,0.065,0.211,0.258,0.102,0.093,0.178,0.267,0.121,1.328
2022/7/4 20:00,25.8,0,0.017,0.092,0.031,0.017,0.03,0.084,0.104,0.042,0.429
2022/7/4 21:00,25.5,0,0,0,0,0,0,0,0,0,0
2022/7/4 22:00,26.1,0,0,0,0,0,0,0,0,0,0
2022/7/4 23:00,26.3,0,0,0,0,0,0,0,0,0,0
2022/7/5 0:00,26.3,0,0,0,0,0,0,0,0,0,0
2022/7/5 1:00,26.5,0,0,0,0,0,0,0,0,0,0
2022/7/5 2:00,26.4,0,0,0,0,0,0,0,0,0,0
2022/7/5 3:00,26.4,0,0,0,0,0,0,0,0,0,0
2022/7/5 4:00,26.3,0,0,0,0,0,0,0,0,0,0
2022/7/5 5:00,26.4,0,0,0,0,0,0,0,0,0,0
2022/7/5 6:00,26.2,0,0,0,0,0,0,0,0,0,0
2022/7/5 7:00,26,0,0,0,0,0,0,0,0,0,0
2022/7/5 8:00,26.5,0,0,0,0,0,0,0,0,0,0
2022/7/5 9:00,27.4,0,0,0,0,0,0,0,0,0,0
2022/7/5 10:00,28.1,0,0,0,0,0,0,0,0,0,0
2022/7/5 11:00,28.2,0,0,0,0,0,0,0,0,0,0
2022/7/5 12:00,28.8,0,0,0,0,0,0,0,0,0,0
2022/7/5 13:00,28.5,0,0,0,0,0,0,0,0,0,0
2022/7/5 14:00,27.9,0,0,0,0,0,0,0,0,0,0
2022/7/5 15:00,27.6,0,0,0,0,0,0,0,0,0,0
2022/7/5 16:00,27.7,0,0,0,0,0,0,0,0,0,0
2022/7/5 17:00,28.2,0,0,0,0,0,0,0,0,0,0
2022/7/5 18:00,28,0,0,0,0,0,0,0,0,0,0
2022/7/5 19:00,27.6,0,0,0,0,0,0,0,0,0,0
2022/7/5 20:00,27.7,0,0,0,0,0,0,0,0,0,0
2022/7/5 21:00,27.6,0,0,0,0,0,0,0,0,0,0
2022/7/5 22:00,27.7,0,0,0,0,0,0,0,0,0,0
2022/7/5 23:00,27.6,0,0,0,0,0,0,0,0,0,0
2022/7/6 0:00,27.1,0,0,0,0,0,0,0,0,0,0
2022/7/6 1:00,27.2,0,0,0,0,0,0,0,0,0,0
2022/7/6 2:00,27.1,0,0,0,0,0,0,0,0,0,0
2022/7/6 3:00,26.9,0,0,0,0,0,0,0,0,0,0
2022/7/6 4:00,26.8,0,0,0,0,0,0,0,0,0,0
2022/7/6 5:00,26.6,0,0,0,0,0,0,0,0,0,0
2022/7/6 6:00,26.4,0,0,0,0,0,0,0,0,0,0
2022/7/6 7:00,26.7,0,0.141,0,0.111,0.037,0.082,0.093,0.176,0.041,0.767
2022/7/6 8:00,27.7,0,0.531,0,0.428,0.062,0.156,0.179,0.336,0.06,1.746
2022/7/6 9:00,27.4,0,0.434,0.185,0.383,0.138,0.251,0.144,0.281,0.196,1.972
2022/7/6 10:00,27.4,0,0.391,0.207,0.386,0.167,0.308,0.157,0.343,0.377,2.327
2022/7/6 11:00,28.5,0,0.398,0.187,0.33,0.331,0.377,0.145,0.33,0.333,2.391
2022/7/6 12:00,29.1,0,0.384,0.182,0.333,0.405,0.381,0.144,0.33,0.328,2.418
2022/7/6 13:00,29.7,0,0.427,0.189,0.317,0.443,0.421,0.129,0.3,0.283,2.451
2022/7/6 14:00,31.2,0,0.409,0.228,0.41,0.397,0.44,0.127,0.296,0.263,2.52
2022/7/6 15:00,29.9,0,0.407,0.247,0.388,0.34,0.455,0.137,0.302,0.258,2.504
2022/7/6 16:00,30.6,0,0.385,0.25,0.349,0.329,0.444,0.15,0.3,0.256,2.447
2022/7/6 17:00,30.4,0,0.352,0.259,0.331,0.232,0.451,0.159,0.327,0.24,2.354
2022/7/6 18:00,29.3,0,0.102,0.27,0.29,0.153,0.192,0.18,0.341,0.238,1.812
2022/7/6 19:00,28.8,0,0.056,0.241,0.248,0.108,0.098,0.158,0.265,0.148,1.367
2022/7/6 20:00,28.4,0,0.013,0.106,0.05,0.017,0.029,0.069,0.103,0.066,0.446
2022/7/6 21:00,28.4,0,0,0,0,0,0,0,0,0,0
2022/7/6 22:00,28,0,0,0,0,0,0,0,0,0,0
2022/7/6 23:00,27.9,0,0,0,0,0,0,0,0,0,0
2022/7/7 0:00,28,0,0,0,0,0,0,0,0,0,0
2022/7/7 1:00,27.8,0,0,0,0,0,0,0,0,0,0
2022/7/7 2:00,27.7,0,0,0,0,0,0,0,0,0,0
2022/7/7 3:00,27.8,0,0,0,0,0,0,0,0,0,0
2022/7/7 4:00,27.3,0,0,0,0,0,0,0,0,0,0
2022/7/7 5:00,26.9,0,0,0,0,0,0,0,0,0,0
2022/7/7 6:00,26.9,0,0,0,0,0,0,0,0,0,0
2022/7/7 7:00,27.5,0,0.096,0.009,0.037,0.019,0.041,0.066,0.112,0.05,0.458
2022/7/7 8:00,28.9,0,0.467,0.025,0.416,0.059,0.115,0.17,0.305,0.129,1.68
2022/7/7 9:00,30.3,0,0.477,0.147,0.359,0.07,0.26,0.157,0.255,0.213,1.921
2022/7/7 10:00,32.3,0,0.458,0.231,0.412,0.122,0.307,0.163,0.282,0.258,2.226
2022/7/7 11:00,33,0,0.443,0.226,0.361,0.202,0.378,0.171,0.3,0.247,2.299
2022/7/7 12:00,31.9,0,0.436,0.226,0.367,0.33,0.388,0.168,0.309,0.242,2.419
2022/7/7 13:00,32,0,0.462,0.227,0.37,0.248,0.372,0.16,0.35,0.244,2.398
2022/7/7 14:00,32.3,0,0.418,0.237,0.386,0.312,0.36,0.155,0.332,0.285,2.412
2022/7/7 15:00,31.4,0,0.41,0.24,0.387,0.252,0.381,0.156,0.344,0.296,2.454
2022/7/7 16:00,31.4,0,0.408,0.25,0.402,0.132,0.42,0.151,0.352,0.261,2.371
2022/7/7 17:00,30.8,0,0.171,0.28,0.327,0.111,0.439,0.174,0.378,0.216,2.13
2022/7/7 18:00,29.9,0,0.092,0.264,0.262,0.085,0.189,0.172,0.354,0.218,1.674
2022/7/7 19:00,30,0,0.053,0.238,0.16,0.045,0.071,0.126,0.287,0.133,1.184
2022/7/7 20:00,29.2,0,0.014,0.087,0.058,0.018,0.021,0.051,0.102,0.037,0.391
2022/7/7 21:00,28.8,0,0,0,0,0,0,0,0,0,0
2022/7/7 22:00,28.6,0,0,0,0,0,0,0,0,0,0
2022/7/7 23:00,28.5,0,0,0,0,0,0,0,0,0,0
2022/7/8 0:00,28.1,0,0,0,0,0,0,0,0,0,0
2022/7/8 1:00,27.9,0,0,0,0,0,0,0,0,0,0
2022/7/8 2:00,28.4,0,0,0,0,0,0,0,0,0,0
2022/7/8 3:00,27.9,0,0,0,0,0,0,0,0,0,0
2022/7/8 4:00,27.9,0,0,0,0,0,0,0,0,0,0
2022/7/8 5:00,27.7,0,0,0,0,0,0,0,0,0,0
2022/7/8 6:00,27.8,0,0,0,0,0,0,0,0,0,0
2022/7/8 7:00,28.3,0,0.085,0.003,0.058,0.021,0.028,0.062,0.112,0.028,0.415
2022/7/8 8:00,29.5,0,0.512,0.003,0.349,0.059,0.103,0.174,0.29,0.064,1.561
2022/7/8 9:00,31.2,0,0.417,0.145,0.362,0.128,0.275,0.117,0.24,0.152,1.811
2022/7/8 10:00,31.7,0,0.414,0.207,0.395,0.209,0.3,0.137,0.274,0.288,2.202
2022/7/8 11:00,32.6,0,0.438,0.201,0.379,0.219,0.325,0.123,0.304,0.264,2.225
2022/7/8 12:00,31.6,0,0.44,0.212,0.394,0.251,0.359,0.138,0.316,0.228,2.298
2022/7/8 13:00,32.6,0,0.46,0.208,0.352,0.334,0.389,0.144,0.283,0.212,2.319
2022/7/8 14:00,29.8,0,0.445,0.216,0.388,0.385,0.401,0.153,0.259,0.204,2.414
2022/7/8 15:00,32.3,0,0.414,0.226,0.407,0.382,0.404,0.141,0.281,0.209,2.413
2022/7/8 16:00,33.8,0,0.335,0.234,0.414,0.351,0.378,0.144,0.316,0.215,2.359
2022/7/8 17:00,32.5,0,0.125,0.257,0.396,0.135,0.409,0.154,0.341,0.247,2.083
2022/7/8 18:00,31.7,0,0.092,0.237,0.311,0.047,0.189,0.151,0.313,0.136,1.515
2022/7/8 19:00,30.8,0,0.076,0.193,0.239,0.044,0.05,0.124,0.249,0.087,1.103
2022/7/8 20:00,30.3,0,0.025,0.08,0.078,0.018,0.015,0.065,0.075,0.033,0.395
2022/7/8 21:00,29.8,0,0,0,0,0,0,0,0,0,0
2022/7/8 22:00,29,0,0,0,0,0,0,0,0,0,0
2022/7/8 23:00,27.7,0,0,0,0,0,0,0,0,0,0
2022/7/9 0:00,27.1,0,0,0,0,0,0,0,0,0,0
2022/7/9 1:00,27.2,0,0,0,0,0,0,0,0,0,0
2022/7/9 2:00,27.3,0,0,0,0,0,0,0,0,0,0
2022/7/9 3:00,27.2,0,0,0,0,0,0,0,0,0,0
2022/7/9 4:00,27.9,0,0,0,0,0,0,0,0,0,0
2022/7/9 5:00,27.7,0,0,0,0,0,0,0,0,0,0
2022/7/9 6:00,27.5,0,0,0,0,0,0,0,0,0,0
2022/7/9 7:00,27.7,0,0,0,0,0,0,0,0,0,0
2022/7/9 8:00,28.1,0,0.003,0,0.009,0.005,0.007,0.033,0.039,0.015,0.117
2022/7/9 9:00,28.5,0,0.08,0.09,0.205,0.072,0.084,0.218,0.295,0.133,1.248
2022/7/9 10:00,29.9,0,0.045,0.155,0.103,0.049,0.223,0.156,0.208,0.055,1.05
2022/7/9 11:00,30.8,0,0.042,0.148,0.192,0.077,0.098,0.148,0.205,0.047,0.99
2022/7/9 12:00,30.7,0,0.052,0.167,0.135,0.058,0.028,0.15,0.211,0.054,0.926
2022/7/9 13:00,30.9,0,0.052,0.202,0.051,0.052,0.025,0.149,0.204,0.051,0.867
2022/7/9 14:00,31.5,0,0.042,0.138,0.043,0.042,0.011,0.119,0.167,0.045,0.651
2022/7/9 15:00,31.3,0,0.045,0.211,0.05,0.045,0.028,0.13,0.175,0.089,0.866
2022/7/9 16:00,30.4,0,0.053,0.21,0.045,0.049,0.033,0.14,0.196,0.101,0.911
2022/7/9 17:00,29.8,0,0.053,0.209,0.053,0.049,0.041,0.132,0.191,0.088,0.891
2022/7/9 18:00,29.1,0,0.033,0.053,0.02,0.021,0.013,0.055,0.075,0.033,0.307
2022/7/9 19:00,27.8,0,0,0,0,0,0,0,0,0,0
2022/7/9 20:00,27.6,0,0,0,0,0,0,0,0,0,0
2022/7/9 21:00,27.4,0,0,0,0,0,0,0,0,0,0
2022/7/9 22:00,27.4,0,0,0,0,0,0,0,0,0,0
2022/7/9 23:00,27.5,0,0,0,0,0,0,0,0,0,0
2022/7/10 0:00,27.3,0,0,0,0,0,0,0,0,0,0
2022/7/10 1:00,26.8,0,0,0,0,0,0,0,0,0,0
2022/7/10 2:00,26.6,0,0,0,0,0,0,0,0,0,0
2022/7/10 3:00,26.2,0,0,0,0,0,0,0,0,0,0
2022/7/10 4:00,26.1,0,0,0,0,0,0,0,0,0,0
2022/7/10 5:00,25.9,0,0,0,0,0,0,0,0,0,0
2022/7/10 6:00,26.2,0,0,0,0,0,0,0,0,0,0
2022/7/10 7:00,26.9,0,0,0,0,0,0,0,0,0,0
2022/7/10 8:00,28.1,0,0,0,0,0,0,0,0,0,0
2022/7/10 9:00,28.5,0,0,0,0,0,0,0,0,0,0
2022/7/10 10:00,30.1,0,0,0,0,0,0,0,0,0,0
2022/7/10 11:00,30.1,0,0,0,0,0,0,0,0,0,0
2022/7/10 12:00,31,0,0,0,0,0,0,0,0,0,0
2022/7/10 13:00,31.7,0,0,0,0,0,0,0,0,0,0
2022/7/10 14:00,31.4,0,0,0,0,0,0,0,0,0,0
2022/7/10 15:00,30.8,0,0,0,0,0,0,0,0,0,0
2022/7/10 16:00,30.4,0,0,0,0,0,0,0,0,0,0
2022/7/10 17:00,29.9,0,0,0,0,0,0,0,0,0,0
2022/7/10 18:00,28.9,0,0,0,0,0,0,0,0,0,0
2022/7/10 19:00,28.4,0,0,0,0,0,0,0,0,0,0
2022/7/10 20:00,28.2,0,0,0,0,0,0,0,0,0,0
2022/7/10 21:00,28,0,0,0,0,0,0,0,0,0,0
2022/7/10 22:00,27.5,0,0,0,0,0,0,0,0,0,0
2022/7/10 23:00,27.1,0,0,0,0,0,0,0,0,0,0
2022/7/11 0:00,27.1,0,0,0,0,0,0,0,0,0,0
2022/7/11 1:00,27.3,0,0,0,0,0,0,0,0,0,0
2022/7/11 2:00,27.1,0,0,0,0,0,0,0,0,0,0
2022/7/11 3:00,26.8,0,0,0,0,0,0,0,0,0,0
2022/7/11 4:00,26.5,0,0,0,0,0,0,0,0,0,0
2022/7/11 5:00,26.5,0,0,0,0,0,0,0,0,0,0
2022/7/11 6:00,26.8,0,0,0,0,0,0,0,0,0,0
2022/7/11 7:00,27.4,0,0.15,0.012,0.083,0.053,0.062,0.138,0.209,0.063,0.844
2022/7/11 8:00,28.8,0,0.515,0.006,0.461,0.059,0.096,0.179,0.269,0.08,1.643
2022/7/11 9:00,30.4,0,0.431,0.194,0.425,0.308,0.303,0.125,0.212,0.171,2.118
2022/7/11 10:00,30.9,0,0.412,0.257,0.451,0.404,0.398,0.122,0.253,0.217,2.473
2022/7/11 11:00,31.3,0,0.438,0.263,0.429,0.396,0.422,0.122,0.263,0.205,2.501
2022/7/11 12:00,31.4,0,0.444,0.276,0.437,0.396,0.429,0.137,0.262,0.179,2.533
2022/7/11 13:00,29.2,0,0.448,0.269,0.411,0.372,0.432,0.175,0.267,0.192,2.544
2022/7/11 14:00,31.5,0,0.425,0.265,0.407,0.392,0.415,0.158,0.28,0.186,2.495
2022/7/11 15:00,31.2,0,0.393,0.255,0.406,0.371,0.418,0.151,0.293,0.235,2.485
2022/7/11 16:00,31.6,0,0.382,0.255,0.426,0.313,0.417,0.144,0.3,0.232,2.44
2022/7/11 17:00,29.7,0,0.343,0.274,0.374,0.301,0.386,0.15,0.333,0.17,2.343
2022/7/11 18:00,29.1,0,0.335,0.292,0.297,0.171,0.333,0.158,0.336,0.169,2.128
2022/7/11 19:00,28.4,0,0.291,0.267,0.239,0.173,0.081,0.155,0.284,0.138,1.686
2022/7/11 20:00,28.6,0,0.121,0.086,0.075,0.034,0.029,0.071,0.088,0.048,0.544
2022/7/11 21:00,28.4,0,0,0,0,0,0,0,0,0,0
2022/7/11 22:00,28.1,0,0,0,0,0,0,0,0,0,0
2022/7/11 23:00,28,0,0,0,0,0,0,0,0,0,0
2022/7/12 0:00,28.6,0,0,0,0,0,0,0,0,0,0
2022/7/12 1:00,28.2,0,0,0,0,0,0,0,0,0,0
2022/7/12 2:00,27.9,0,0,0,0,0,0,0,0,0,0
2022/7/12 3:00,27.5,0,0,0,0,0,0,0,0,0,0
2022/7/12 4:00,27.5,0,0,0,0,0,0,0,0,0,0
2022/7/12 5:00,27.5,0,0,0,0,0,0,0,0,0,0
2022/7/12 6:00,27.4,0,0,0,0,0,0,0,0,0,0
2022/7/12 7:00,27.7,0,0.103,0.003,0.028,0.02,0.037,0.086,0.107,0.05,0.458
2022/7/12 8:00,28.1,0,0.491,0.005,0.424,0.057,0.09,0.221,0.281,0.124,1.682
2022/7/12 9:00,28.5,0,0.445,0.209,0.402,0.087,0.241,0.17,0.23,0.183,1.965
2022/7/12 10:00,28.9,0,0.44,0.268,0.42,0.172,0.348,0.152,0.229,0.264,2.289
2022/7/12 11:00,28.3,0,0.425,0.257,0.397,0.256,0.392,0.142,0.242,0.246,2.34
2022/7/12 12:00,29.4,0,0.431,0.267,0.397,0.341,0.436,0.14,0.293,0.22,2.486
2022/7/12 13:00,29.2,0,0.454,0.268,0.369,0.341,0.443,0.146,0.284,0.235,2.489
2022/7/12 14:00,29.3,0,0.442,0.261,0.389,0.377,0.404,0.174,0.268,0.259,2.557
2022/7/12 15:00,29.2,0,0.444,0.272,0.399,0.291,0.408,0.186,0.29,0.248,2.521
2022/7/12 16:00,29.6,0,0.244,0.292,0.417,0.264,0.446,0.175,0.332,0.217,2.397
2022/7/12 17:00,29.4,0,0.151,0.29,0.311,0.301,0.478,0.172,0.329,0.144,2.194
2022/7/12 18:00,27.9,0,0.089,0.286,0.258,0.082,0.289,0.171,0.329,0.125,1.691
2022/7/12 19:00,27.1,0,0.043,0.256,0.16,0.041,0.094,0.149,0.253,0.111,1.179
2022/7/12 20:00,26.6,0,0.014,0.114,0.039,0.018,0.024,0.06,0.1,0.043,0.429
2022/7/12 21:00,26.4,0,0,0,0,0,0,0,0,0,0
2022/7/12 22:00,26.4,0,0,0,0,0,0,0,0,0,0
2022/7/12 23:00,26.1,0,0,0,0,0,0,0,0,0,0
2022/7/13 0:00,25.9,0,0,0,0,0,0,0,0,0,0
2022/7/13 1:00,25.6,0,0,0,0,0,0,0,0,0,0
2022/7/13 2:00,25.5,0,0,0,0,0,0,0,0,0,0
2022/7/13 3:00,25.2,0,0,0,0,0,0,0,0,0,0
2022/7/13 4:00,24.9,0,0,0,0,0,0,0,0,0,0
2022/7/13 5:00,25.2,0,0,0,0,0,0,0,0,0,0
2022/7/13 6:00,24.5,0,0,0,0,0,0,0,0,0,0
2022/7/13 7:00,25.6,0,0.097,0.003,0.036,0.018,0.031,0.065,0.095,0.037,0.407
2022/7/13 8:00,27.3,0,0.483,0.005,0.387,0.057,0.092,0.153,0.263,0.092,1.529
2022/7/13 9:00,27.7,0,0.402,0.084,0.295,0.176,0.288,0.128,0.208,0.178,1.708
2022/7/13 10:00,27.9,0,0.366,0.201,0.393,0.234,0.331,0.117,0.284,0.336,2.223
2022/7/13 11:00,28.7,0,0.389,0.2,0.39,0.315,0.344,0.156,0.283,0.324,2.316
2022/7/13 12:00,29,0,0.381,0.196,0.349,0.447,0.352,0.157,0.287,0.31,2.443
2022/7/13 13:00,30.1,0,0.433,0.204,0.335,0.449,0.387,0.128,0.317,0.225,2.426
2022/7/13 14:00,29.7,0,0.424,0.215,0.37,0.426,0.403,0.118,0.303,0.164,2.383
2022/7/13 15:00,29.4,0,0.406,0.236,0.354,0.397,0.393,0.117,0.294,0.166,2.346
2022/7/13 16:00,29.8,0,0.41,0.256,0.214,0.357,0.382,0.129,0.312,0.161,2.239
2022/7/13 17:00,29.9,0,0.264,0.25,0.2,0.375,0.311,0.139,0.31,0.148,2.012
2022/7/13 18:00,28.8,0,0.082,0.24,0.182,0.187,0.079,0.125,0.282,0.134,1.359
2022/7/13 19:00,28.8,0,0.037,0.181,0.114,0.175,0.047,0.123,0.225,0.094,1.05
2022/7/13 20:00,28.1,0,0.014,0.059,0.038,0.058,0.019,0.075,0.078,0.042,0.382
2022/7/13 21:00,27.9,0,0,0,0,0,0,0,0,0,0
2022/7/13 22:00,28.1,0,0,0,0,0,0,0,0,0,0
2022/7/13 23:00,28,0,0,0,0,0,0,0,0,0,0
2022/7/14 0:00,28,0,0,0,0,0,0,0,0,0,0
2022/7/14 1:00,28.3,0,0,0,0,0,0,0,0,0,0
2022/7/14 2:00,28.2,0,0,0,0,0,0,0,0,0,0
2022/7/14 3:00,28.5,0,0,0,0,0,0,0,0,0,0
2022/7/14 4:00,29.3,0,0,0,0,0,0,0,0,0,0
2022/7/14 5:00,29.3,0,0,0,0,0,0,0,0,0,0
2022/7/14 6:00,29.4,0,0,0,0,0,0,0,0,0,0
2022/7/14 7:00,29.4,0,0.083,0.003,0.068,0.056,0.032,0.062,0.094,0.035,0.439
2022/7/14 8:00,30.1,0,0.45,0.005,0.384,0.145,0.091,0.154,0.252,0.094,1.567
2022/7/14 9:00,31.3,0,0.406,0.179,0.388,0.106,0.183,0.141,0.216,0.072,1.676
2022/7/14 10:00,32.6,0,0.43,0.258,0.46,0.186,0.282,0.154,0.257,0.132,2.162
2022/7/14 11:00,31.8,0,0.401,0.234,0.384,0.298,0.381,0.145,0.259,0.292,2.359
2022/7/14 12:00,31.2,0,0.398,0.236,0.434,0.323,0.398,0.154,0.259,0.259,2.421
2022/7/14 13:00,33,0,0.401,0.229,0.426,0.336,0.403,0.128,0.284,0.309,2.465
2022/7/14 14:00,33.2,0,0.402,0.233,0.445,0.372,0.399,0.117,0.297,0.338,2.533
2022/7/14 15:00,32.7,0,0.399,0.245,0.46,0.296,0.391,0.113,0.294,0.321,2.486
2022/7/14 16:00,32,0,0.354,0.241,0.458,0.244,0.39,0.117,0.296,0.272,2.342
2022/7/14 17:00,30.4,0,0.123,0.278,0.347,0.231,0.406,0.155,0.308,0.191,2.081
2022/7/14 18:00,30.8,0,0.074,0.251,0.3,0.153,0.138,0.154,0.287,0.147,1.542
2022/7/14 19:00,29.9,0,0.04,0.222,0.139,0.105,0.07,0.112,0.245,0.133,1.132
2022/7/14 20:00,29.4,0,0.013,0.074,0.043,0.021,0.017,0.055,0.094,0.055,0.377
2022/7/14 21:00,29.6,0,0,0,0,0,0,0,0,0,0
2022/7/14 22:00,29.5,0,0,0,0,0,0,0,0,0,0
2022/7/14 23:00,29.1,0,0,0,0,0,0,0,0,0,0
2022/7/15 0:00,28.7,0,0,0,0,0,0,0,0,0,0
2022/7/15 1:00,28.5,0,0,0,0,0,0,0,0,0,0
2022/7/15 2:00,28.5,0,0,0,0,0,0,0,0,0,0
2022/7/15 3:00,28.5,0,0,0,0,0,0,0,0,0,0
2022/7/15 4:00,27.1,0,0,0,0,0,0,0,0,0,0
2022/7/15 5:00,26.9,0,0,0,0,0,0,0,0,0,0
2022/7/15 6:00,26.7,0,0,0,0,0,0,0,0,0,0
2022/7/15 7:00,26.7,0,0.096,0,0.05,0.018,0.029,0.062,0.115,0.032,0.425
2022/7/15 8:00,26.3,0,0.487,0,0.309,0.059,0.091,0.166,0.32,0.083,1.521
2022/7/15 9:00,26.8,0,0.426,0.176,0.315,0.164,0.247,0.111,0.218,0.198,1.834
2022/7/15 10:00,27.6,0,0.436,0.271,0.343,0.263,0.324,0.119,0.235,0.254,2.264
2022/7/15 11:00,27.3,0,0.432,0.254,0.291,0.302,0.334,0.114,0.251,0.285,2.246
2022/7/15 12:00,29.3,0,0.427,0.239,0.284,0.301,0.331,0.107,0.252,0.245,2.185
2022/7/15 13:00,32,0,0.434,0.235,0.301,0.325,0.377,0.11,0.259,0.24,2.263
2022/7/15 14:00,30.3,0,0.427,0.233,0.357,0.382,0.391,0.144,0.248,0.192,2.328
2022/7/15 15:00,31.6,0,0.42,0.246,0.347,0.353,0.389,0.124,0.257,0.239,2.35
2022/7/15 16:00,31,0,0.331,0.262,0.32,0.338,0.39,0.117,0.265,0.245,2.265
2022/7/15 17:00,30.3,0,0.126,0.281,0.3,0.222,0.332,0.129,0.24,0.208,1.86
2022/7/15 18:00,28.1,0,0.074,0.253,0.198,0.045,0.189,0.113,0.233,0.141,1.315
2022/7/15 19:00,27.4,0,0.048,0.233,0.146,0.043,0.057,0.1,0.172,0.088,0.971
2022/7/15 20:00,27.1,0,0.013,0.082,0.046,0.018,0.026,0.048,0.075,0.045,0.374
2022/7/15 21:00,26.7,0,0,0,0,0,0,0,0,0,0
2022/7/15 22:00,26.4,0,0,0,0,0,0,0,0,0,0
2022/7/15 23:00,26.1,0,0,0,0,0,0,0,0,0,0
2022/7/16 0:00,24.9,0,0,0,0,0,0,0,0,0,0
2022/7/16 1:00,24.5,0,0,0,0,0,0,0,0,0,0
2022/7/16 2:00,24.4,0,0,0,0,0,0,0,0,0,0
2022/7/16 3:00,24.6,0,0,0,0,0,0,0,0,0,0
2022/7/16 4:00,24.6,0,0,0,0,0,0,0,0,0,0
2022/7/16 5:00,24.6,0,0,0,0,0,0,0,0,0,0
2022/7/16 6:00,24.8,0,0,0,0,0,0,0,0,0,0
2022/7/16 7:00,25.5,0,0.021,0,0.026,0.004,0.002,0.016,0.033,0.007,0.111
2022/7/16 8:00,26.4,0,0.385,0,0.329,0.063,0.073,0.168,0.255,0.07,1.376
2022/7/16 9:00,27.6,0,0.317,0.196,0.257,0.079,0.117,0.109,0.188,0.049,1.336
2022/7/16 10:00,28,0,0.331,0.249,0.229,0.144,0.222,0.115,0.187,0.088,1.611
2022/7/16 11:00,28.6,0,0.355,0.277,0.232,0.171,0.231,0.111,0.186,0.096,1.713
2022/7/16 12:00,29.8,0,0.35,0.287,0.23,0.23,0.22,0.12,0.215,0.098,1.789
2022/7/16 13:00,30.5,0,0.36,0.276,0.294,0.194,0.233,0.139,0.189,0.103,1.813
2022/7/16 14:00,30.9,0,0.329,0.251,0.39,0.259,0.225,0.165,0.185,0.11,1.932
2022/7/16 15:00,29.9,0,0.088,0.274,0.359,0.234,0.248,0.168,0.18,0.095,1.667
2022/7/16 16:00,29.8,0,0.056,0.281,0.343,0.194,0.272,0.158,0.168,0.088,1.588
2022/7/16 17:00,29.9,0,0.051,0.272,0.268,0.144,0.283,0.132,0.183,0.086,1.487
2022/7/16 18:00,29.3,0,0.026,0.119,0.119,0.036,0.099,0.047,0.082,0.034,0.527
2022/7/16 19:00,28.5,0,0,0,0,0,0,0,0,0,0
2022/7/16 20:00,28,0,0,0,0,0,0,0,0,0,0
2022/7/16 21:00,27.3,0,0,0,0,0,0,0,0,0,0
2022/7/16 22:00,27.2,0,0,0,0,0,0,0,0,0,0
2022/7/16 23:00,27.1,0,0,0,0,0,0,0,0,0,0
2022/7/17 0:00,26.1,0,0,0,0,0,0,0,0,0,0
2022/7/17 1:00,25.8,0,0,0,0,0,0,0,0,0,0
2022/7/17 2:00,25.3,0,0,0,0,0,0,0,0,0,0
2022/7/17 3:00,25,0,0,0,0,0,0,0,0,0,0
2022/7/17 4:00,25,0,0,0,0,0,0,0,0,0,0
2022/7/17 5:00,24.9,0,0,0,0,0,0,0,0,0,0
2022/7/17 6:00,25.2,0,0,0,0,0,0,0,0,0,0
2022/7/17 7:00,26.6,0,0,0,0,0,0,0,0,0,0
2022/7/17 8:00,28.3,0,0,0,0,0,0,0,0,0,0
2022/7/17 9:00,28.4,0,0,0,0,0,0,0,0,0,0
2022/7/17 10:00,28,0,0,0,0,0,0,0,0,0,0
2022/7/17 11:00,27.8,0,0,0,0,0,0,0,0,0,0
2022/7/17 12:00,28.4,0,0.015,0.004,0.047,0.028,0.023,0.067,0.122,0.04,0.383
2022/7/17 13:00,29.6,0,0.073,0.011,0.089,0.067,0.064,0.156,0.307,0.099,0.922
2022/7/17 14:00,30.1,0,0.04,0,0.042,0.034,0.039,0.102,0.212,0.066,0.539
2022/7/17 15:00,30.5,0,0.005,0,0.001,0.003,0.004,0.016,0.029,0.007,0.05
2022/7/17 16:00,31,0,0,0,0,0,0,0,0,0,0
2022/7/17 17:00,30.2,0,0,0,0,0,0,0,0,0,0
2022/7/17 18:00,30.1,0,0,0,0,0,0,0,0,0,0
2022/7/17 19:00,29.5,0,0,0,0,0,0,0,0,0,0
2022/7/17 20:00,28.8,0,0,0,0,0,0,0,0,0,0
2022/7/17 21:00,28.5,0,0,0,0,0,0,0,0,0,0
2022/7/17 22:00,28.4,0,0,0,0,0,0,0,0,0,0
2022/7/17 23:00,27.6,0,0,0,0,0,0,0,0,0,0
2022/7/18 0:00,27.1,0,0,0,0,0,0,0,0,0,0
2022/7/18 1:00,27,0,0,0,0,0,0,0,0,0,0
2022/7/18 2:00,26.9,0,0,0,0,0,0,0,0,0,0
2022/7/18 3:00,26.6,0,0,0,0,0,0,0,0,0,0
2022/7/18 4:00,26.3,0,0,0,0,0,0,0,0,0,0
2022/7/18 5:00,28.1,0,0,0,0,0,0,0,0,0,0
2022/7/18 6:00,25.7,0,0,0,0,0,0,0,0,0,0
2022/7/18 7:00,25.5,0,0,0,0,0,0,0,0,0,0
2022/7/18 8:00,26.3,0,0.034,0.009,0.073,0.048,0.04,0.102,0.19,0.064,0.596
2022/7/18 9:00,25.9,0,0.051,0.006,0.181,0.232,0.041,0.125,0.259,0.08,0.963
2022/7/18 10:00,27.3,0,0.042,0,0.331,0.416,0.04,0.103,0.214,0.072,1.168
2022/7/18 11:00,29.4,0,0.034,0,0.289,0.429,0.023,0.094,0.206,0.068,1.085
2022/7/18 12:00,29.4,0,0.037,0,0.3,0.473,0.035,0.1,0.199,0.069,1.158
2022/7/18 13:00,30.4,0,0.033,0,0.286,0.452,0.031,0.097,0.202,0.077,1.109
2022/7/18 14:00,30.9,0,0.033,0,0.276,0.447,0.023,0.093,0.197,0.096,1.104
2022/7/18 15:00,31,0,0.034,0,0.267,0.433,0.031,0.108,0.183,0.124,1.123
2022/7/18 16:00,30.9,0,0.033,0,0.248,0.423,0.02,0.091,0.157,0.122,1.044
2022/7/18 17:00,30.7,0,0.038,0,0.173,0.367,0.033,0.1,0.151,0.107,0.946
2022/7/18 18:00,30,0,0.027,0,0.075,0.163,0.013,0.058,0.115,0.064,0.489
2022/7/18 19:00,29.5,0,0,0,0,0,0,0.001,0,0,0
2022/7/18 20:00,27.8,0,0,0,0,0,0,0,0,0,0
2022/7/18 21:00,28.6,0,0,0,0,0,0,0,0,0,0
2022/7/18 22:00,28.2,0,0,0,0,0,0,0,0,0,0
2022/7/18 23:00,26.2,0,0,0,0,0,0,0,0,0,0
2022/7/19 0:00,26.6,0,0,0,0,0,0,0,0,0,0
2022/7/19 1:00,26.6,0,0,0,0,0,0,0,0,0,0
2022/7/19 2:00,26.8,0,0,0,0,0,0,0,0,0,0
2022/7/19 3:00,27,0,0,0,0,0,0,0,0,0,0
2022/7/19 4:00,28.8,0,0,0,0,0,0,0,0,0,0
2022/7/19 5:00,27,0,0,0,0,0,0,0,0,0,0
2022/7/19 6:00,29.3,0,0,0,0,0,0,0,0,0,0
2022/7/19 7:00,26.7,0,0.211,0,0.054,0.048,0.039,0.083,0.157,0.05,0.669
2022/7/19 8:00,26.8,0,0.549,0,0.41,0.08,0.056,0.139,0.261,0.097,1.572
2022/7/19 9:00,26.3,0,0.424,0.241,0.39,0.1,0.193,0.112,0.192,0.207,1.86
2022/7/19 10:00,27.8,0,0.443,0.279,0.436,0.18,0.282,0.117,0.232,0.234,2.209
2022/7/19 11:00,28.8,0,0.458,0.276,0.394,0.184,0.316,0.116,0.239,0.218,2.198
2022/7/19 12:00,29.5,0,0.445,0.261,0.421,0.229,0.354,0.126,0.261,0.209,2.275
2022/7/19 13:00,28.7,0,0.452,0.254,0.38,0.291,0.342,0.135,0.293,0.22,2.338
2022/7/19 14:00,29.9,0,0.455,0.26,0.384,0.286,0.329,0.188,0.259,0.206,2.323
2022/7/19 15:00,31.1,0,0.451,0.263,0.412,0.311,0.322,0.166,0.268,0.198,2.364
2022/7/19 16:00,31.2,0,0.408,0.261,0.412,0.35,0.333,0.172,0.265,0.21,2.385
2022/7/19 17:00,29.7,0,0.26,0.283,0.443,0.284,0.392,0.139,0.269,0.227,2.293
2022/7/19 18:00,28.9,0,0.094,0.298,0.446,0.13,0.249,0.136,0.269,0.132,1.785
2022/7/19 19:00,27.8,0,0.043,0.27,0.281,0.117,0.171,0.126,0.217,0.097,1.369
2022/7/19 20:00,27.3,0,0.014,0.119,0.072,0.02,0.06,0.051,0.072,0.038,0.453
2022/7/19 21:00,27.1,0,0,0,0,0,0,0,0,0,0
2022/7/19 22:00,26.7,0,0,0,0,0,0,0,0,0,0
2022/7/19 23:00,26.4,0,0,0,0,0,0,0,0,0,0
2022/7/20 0:00,25.9,0,0,0,0,0,0,0,0,0,0
2022/7/20 1:00,25.5,0,0,0,0,0,0,0,0,0,0
2022/7/20 2:00,25.1,0,0,0,0,0,0,0,0,0,0
2022/7/20 3:00,24.8,0,0,0,0,0,0,0,0,0,0
2022/7/20 4:00,24.8,0,0,0,0,0,0,0,0,0,0
2022/7/20 5:00,24.8,0,0,0,0,0,0,0,0,0,0
2022/7/20 6:00,25.2,0,0,0,0,0,0,0,0,0,0
2022/7/20 7:00,25.8,0,0.134,0,0.056,0.025,0.038,0.053,0.101,0.034,0.469
2022/7/20 8:00,27.6,0,0.507,0,0.398,0.055,0.1,0.148,0.303,0.099,1.616
2022/7/20 9:00,28.7,0,0.401,0.252,0.392,0.093,0.243,0.108,0.219,0.134,1.834
2022/7/20 10:00,30.4,0,0.41,0.235,0.387,0.137,0.275,0.192,0.275,0.332,2.22
2022/7/20 11:00,31,0,0.403,0.222,0.364,0.277,0.336,0.176,0.279,0.254,2.257
2022/7/20 12:00,32.1,0,0.403,0.234,0.298,0.313,0.347,0.175,0.284,0.229,2.235
2022/7/20 13:00,31.4,0,0.433,0.251,0.295,0.337,0.373,0.147,0.261,0.218,2.258
2022/7/20 14:00,31.4,0,0.41,0.257,0.335,0.339,0.367,0.147,0.254,0.234,2.318
2022/7/20 15:00,31.6,0,0.407,0.265,0.375,0.284,0.367,0.153,0.26,0.247,2.322
2022/7/20 16:00,29.9,0,0.381,0.264,0.383,0.26,0.41,0.174,0.266,0.208,2.308
2022/7/20 17:00,29.4,0,0.164,0.297,0.402,0.245,0.372,0.186,0.279,0.199,2.144
2022/7/20 18:00,29,0,0.078,0.295,0.344,0.119,0.146,0.183,0.249,0.139,1.594
2022/7/20 19:00,29.1,0,0.041,0.251,0.269,0.087,0.111,0.169,0.202,0.112,1.284
2022/7/20 20:00,28.6,0,0.014,0.109,0.038,0.017,0.036,0.068,0.06,0.046,0.392
2022/7/20 21:00,28.2,0,0,0,0,0,0,0,0,0,0
2022/7/20 22:00,27.5,0,0,0,0,0,0,0,0,0,0
2022/7/20 23:00,27.5,0,0,0,0,0,0,0,0,0,0
2022/7/21 0:00,27.7,0,0,0,0,0,0,0,0,0,0
2022/7/21 1:00,28.1,0,0,0,0,0,0,0,0,0,0
2022/7/21 2:00,28.1,0,0,0,0,0,0,0,0,0,0
2022/7/21 3:00,28.1,0,0,0,0,0,0,0,0,0,0
2022/7/21 4:00,28.2,0,0,0,0,0,0,0,0,0,0
2022/7/21 5:00,28.3,0,0,0,0,0,0,0,0,0,0
2022/7/21 6:00,28.5,0,0,0,0,0,0,0,0,0,0
2022/7/21 7:00,30.2,0,0.138,0,0.081,0.038,0.024,0.05,0.085,0.036,0.467
2022/7/21 8:00,30.9,0,0.527,0,0.386,0.112,0.084,0.17,0.254,0.101,1.607
2022/7/21 9:00,31.7,0,0.437,0.196,0.397,0.111,0.229,0.145,0.203,0.197,1.909
2022/7/21 10:00,32.2,0,0.449,0.249,0.455,0.142,0.271,0.17,0.239,0.262,2.208
2022/7/21 11:00,32.9,0,0.439,0.233,0.379,0.253,0.378,0.159,0.256,0.284,2.325
2022/7/21 12:00,34.4,0,0.452,0.242,0.378,0.272,0.393,0.165,0.282,0.251,2.402
2022/7/21 13:00,34.4,0,0.453,0.236,0.414,0.3,0.396,0.133,0.284,0.259,2.41
2022/7/21 14:00,35.4,0,0.453,0.239,0.445,0.295,0.398,0.131,0.311,0.244,2.46
2022/7/21 15:00,35.7,0,0.46,0.253,0.441,0.239,0.384,0.135,0.322,0.23,2.432
2022/7/21 16:00,35.1,0,0.424,0.251,0.499,0.207,0.373,0.155,0.309,0.196,2.372
2022/7/21 17:00,32.1,0,0.358,0.283,0.5,0.275,0.383,0.167,0.292,0.161,2.373
2022/7/21 18:00,31.8,0,0.169,0.295,0.508,0.251,0.145,0.177,0.315,0.142,2.033
2022/7/21 19:00,30.3,0,0.063,0.221,0.333,0.219,0.106,0.134,0.268,0.106,1.48
2022/7/21 20:00,28.3,0,0.014,0.057,0.101,0.068,0.03,0.056,0.077,0.04,0.427
2022/7/21 21:00,28,0,0,0,0,0,0,0,0,0,0
2022/7/21 22:00,27.3,0,0,0,0,0,0,0,0,0,0
2022/7/21 23:00,27.2,0,0,0,0,0,0,0,0,0,0
2022/7/22 0:00,26.8,0,0,0,0,0,0,0,0,0,0
2022/7/22 1:00,26.7,0,0,0,0,0,0,0,0,0,0
2022/7/22 2:00,26.5,0,0,0,0,0,0,0,0,0,0
2022/7/22 3:00,26,0,0,0,0,0,0,0,0,0,0
2022/7/22 4:00,25.9,0,0,0,0,0,0,0,0,0,0
2022/7/22 5:00,25.9,0,0,0,0,0,0,0,0,0,0
2022/7/22 6:00,26.1,0,0,0,0,0,0,0,0,0,0
2022/7/22 7:00,26.3,0,0.122,0,0.096,0.057,0.034,0.046,0.098,0.035,0.515
2022/7/22 8:00,26.8,0,0.487,0,0.319,0.145,0.099,0.18,0.301,0.103,1.629
2022/7/22 9:00,27.4,0,0.378,0.225,0.354,0.178,0.209,0.101,0.195,0.186,1.806
2022/7/22 10:00,28.1,0,0.403,0.287,0.393,0.279,0.234,0.116,0.252,0.25,2.205
2022/7/22 11:00,28.1,0,0.425,0.276,0.409,0.298,0.294,0.111,0.261,0.207,2.26
2022/7/22 12:00,29.5,0,0.427,0.269,0.405,0.302,0.303,0.11,0.275,0.188,2.25
2022/7/22 13:00,30,0,0.438,0.27,0.387,0.293,0.311,0.109,0.281,0.203,2.258
2022/7/22 14:00,30.1,0,0.407,0.269,0.381,0.34,0.316,0.134,0.28,0.192,2.302
2022/7/22 15:00,29.5,0,0.405,0.276,0.359,0.352,0.313,0.181,0.276,0.191,2.317
2022/7/22 16:00,29.8,0,0.393,0.292,0.354,0.346,0.301,0.151,0.293,0.177,2.299
2022/7/22 17:00,28.9,0,0.135,0.315,0.353,0.272,0.353,0.13,0.301,0.157,2.03
2022/7/22 18:00,27.8,0,0.069,0.281,0.253,0.241,0.181,0.12,0.244,0.157,1.579
2022/7/22 19:00,27.2,0,0.037,0.238,0.154,0.23,0.067,0.118,0.2,0.114,1.205
2022/7/22 20:00,26.7,0,0.014,0.095,0.025,0.095,0.029,0.05,0.065,0.04,0.419
2022/7/22 21:00,26.4,0,0,0,0,0,0,0,0,0,0
2022/7/22 22:00,26.6,0,0,0,0,0,0,0,0,0,0
2022/7/22 23:00,25.7,0,0,0,0,0,0,0,0,0,0
2022/7/23 0:00,25.9,0,0,0,0,0,0,0,0,0,0
2022/7/23 1:00,25.5,0,0,0,0,0,0,0,0,0,0
2022/7/23 2:00,25.4,0,0,0,0,0,0,0,0,0,0
2022/7/23 3:00,25.2,0,0,0,0,0,0,0,0,0,0
2022/7/23 4:00,25,0,0,0,0,0,0,0,0,0,0
2022/7/23 5:00,24.8,0,0,0,0,0,0,0,0,0,0
2022/7/23 6:00,24.6,0,0,0,0,0,0,0,0,0,0
2022/7/23 7:00,24.8,0,0,0,0,0,0,0,0,0,0
2022/7/23 8:00,25.8,0,0.004,0,0.008,0.01,0.009,0.025,0.041,0.018,0.113
2022/7/23 9:00,27.3,0,0.066,0.067,0.097,0.108,0.215,0.202,0.3,0.146,1.276
2022/7/23 10:00,28.5,0,0.048,0.117,0.175,0.089,0.06,0.162,0.207,0.109,0.991
2022/7/23 11:00,29.9,0,0.039,0.134,0.188,0.085,0.049,0.16,0.192,0.101,0.969
2022/7/23 12:00,30,0,0.035,0.166,0.148,0.045,0.055,0.176,0.186,0.093,0.952
2022/7/23 13:00,29.8,0,0.049,0.127,0.126,0.051,0.049,0.172,0.202,0.099,0.905
2022/7/23 14:00,30.3,0,0.031,0.098,0.12,0.041,0.054,0.113,0.166,0.083,0.726
2022/7/23 15:00,29,0,0.05,0.127,0.14,0.049,0.063,0.149,0.199,0.138,0.95
2022/7/23 16:00,29.5,0,0.037,0.111,0.114,0.043,0.053,0.113,0.162,0.128,0.771
2022/7/23 17:00,28.3,0,0.046,0.124,0.119,0.045,0.074,0.135,0.204,0.134,0.921
2022/7/23 18:00,28,0,0.011,0.04,0.04,0.015,0.016,0.039,0.056,0.041,0.254
2022/7/23 19:00,27.4,0,0,0,0,0,0,0,0,0,0
2022/7/23 20:00,27.3,0,0,0,0,0,0,0,0,0,0
2022/7/23 21:00,27.3,0,0,0,0,0,0,0,0,0,0
2022/7/23 22:00,27.5,0,0,0,0,0,0,0,0,0,0
2022/7/23 23:00,27.3,0,0,0,0,0,0,0,0,0,0
2022/7/24 0:00,26.8,0,0,0,0,0,0,0,0,0,0
2022/7/24 1:00,26.4,0,0,0,0,0,0,0,0,0,0
2022/7/24 2:00,26.1,0,0,0,0,0,0,0,0,0,0
2022/7/24 3:00,26,0,0,0,0,0,0,0,0,0,0
2022/7/24 4:00,26.1,0,0,0,0,0,0,0,0,0,0
2022/7/24 5:00,26.1,0,0,0,0,0,0,0,0,0,0
2022/7/24 6:00,26.2,0,0,0,0,0,0,0,0,0,0
2022/7/24 7:00,26.9,0,0,0,0,0,0,0,0,0,0
2022/7/24 8:00,28.6,0,0,0,0,0,0,0,0,0,0
2022/7/24 9:00,28.4,0,0.056,0.009,0.125,0.052,0.076,0.144,0.208,0.099,0.808
2022/7/24 10:00,30,0,0.048,0.005,0.061,0.036,0.155,0.137,0.196,0.112,0.759
2022/7/24 11:00,30.6,0,0.048,0,0.054,0.027,0.154,0.134,0.21,0.115,0.759
2022/7/24 12:00,30.4,0,0.036,0,0.031,0.016,0.11,0.106,0.164,0.093,0.563
2022/7/24 13:00,31.9,0,0.019,0,0.021,0.006,0.061,0.069,0.098,0.058,0.325
2022/7/24 14:00,30.4,0,0,0,0,0,0,0,0.001,0,0
2022/7/24 15:00,30.2,0,0,0,0,0,0,0,0,0,0
2022/7/24 16:00,31.1,0,0,0,0,0,0,0,0,0,0
2022/7/24 17:00,31.5,0,0,0,0,0,0,0,0,0,0
2022/7/24 18:00,31,0,0,0,0,0,0,0,0,0,0
2022/7/24 19:00,28.7,0,0,0,0,0,0,0,0,0,0
2022/7/24 20:00,27.8,0,0,0,0,0,0,0,0,0,0
2022/7/24 21:00,27.8,0,0,0,0,0,0,0,0,0,0
2022/7/24 22:00,27.9,0,0,0,0,0,0,0,0,0,0
2022/7/24 23:00,28.1,0,0,0,0,0,0,0,0,0,0
2022/7/25 0:00,27.6,0,0,0,0,0,0,0,0,0,0
2022/7/25 1:00,27.3,0,0,0,0,0,0,0,0,0,0
2022/7/25 2:00,26.5,0,0,0,0,0,0,0,0,0,0
2022/7/25 3:00,26.4,0,0,0,0,0,0,0,0,0,0
2022/7/25 4:00,26.8,0,0,0,0,0,0,0,0,0,0
2022/7/25 5:00,26.8,0,0,0,0,0,0,0,0,0,0
2022/7/25 6:00,26.4,0,0,0,0,0,0,0,0,0,0
2022/7/25 7:00,27.1,0,0.313,0.007,0.097,0.037,0.035,0.112,0.195,0.075,0.909
2022/7/25 8:00,27.4,0,0.497,0.002,0.408,0.046,0.074,0.18,0.276,0.107,1.542
2022/7/25 9:00,28.4,0,0.417,0.168,0.363,0.185,0.287,0.11,0.196,0.22,1.914
2022/7/25 10:00,28.4,0,0.436,0.236,0.396,0.346,0.292,0.12,0.245,0.21,2.236
2022/7/25 11:00,29,0,0.447,0.258,0.377,0.359,0.274,0.114,0.295,0.198,2.269
2022/7/25 12:00,28.9,0,0.431,0.243,0.397,0.387,0.301,0.139,0.302,0.188,2.336
2022/7/25 13:00,29.9,0,0.459,0.256,0.393,0.295,0.33,0.173,0.304,0.191,2.344
2022/7/25 14:00,28.5,0,0.431,0.283,0.386,0.357,0.344,0.176,0.288,0.169,2.373
2022/7/25 15:00,29.7,0,0.436,0.289,0.374,0.271,0.358,0.181,0.286,0.162,2.337
2022/7/25 16:00,29.9,0,0.406,0.277,0.422,0.269,0.351,0.167,0.285,0.163,2.298
2022/7/25 17:00,28.7,0,0.13,0.303,0.445,0.205,0.397,0.185,0.296,0.194,2.123
2022/7/25 18:00,28.4,0,0.088,0.282,0.36,0.199,0.267,0.181,0.28,0.172,1.849
2022/7/25 19:00,28.1,0,0.049,0.257,0.25,0.178,0.136,0.172,0.231,0.124,1.416
2022/7/25 20:00,27.8,0,0.014,0.129,0.083,0.028,0.039,0.068,0.086,0.041,0.481
2022/7/25 21:00,27.9,0,0,0,0,0,0,0,0,0,0
2022/7/25 22:00,27.8,0,0,0,0,0,0,0,0,0,0
2022/7/25 23:00,27.2,0,0,0,0,0,0,0,0,0,0
